Name,Season,AWS_MEAN
"Abrines,Álex",2018,2.275657894736842
"Abrines,Álex",2019,2.124193548387096
"Acy,Quincy",2018,3.467857142857144
"Acy,Quincy",2019,0.7277777777777779
"Adams,Jaylen",2019,2.9354838709677424
"Adams,Steven",2018,10.958536585365856
"Adams,Steven",2019,11.23235294117647
"Adams,Steven",2020,10.152586206896551
"Adebayo,Bam",2018,5.196527777777777
"Adebayo,Bam",2019,8.059756097560976
"Adebayo,Bam",2020,14.355384615384615
"Adel,Deng",2019,1.0230769230769232
"Afflalo,Arron",2018,1.4137254901960783
"Akoon-Purcell,DeVaughn",2019,0.775
"Aldrich,Cole",2018,0.18461538461538457
"Aldridge,LaMarcus",2018,11.790000000000003
"Aldridge,LaMarcus",2019,11.806249999999999
"Aldridge,LaMarcus",2020,10.393396226415096
"Alexander-Walker,Nickeil",2020,2.8807692307692307
"Alkins,Rawle",2019,2.788888888888889
"Allen,Grayson",2019,2.05921052631579
"Allen,Grayson",2020,3.738333333333334
"Allen,Jarrett",2018,6.240972222222222
"Allen,Jarrett",2019,8.707058823529415
"Allen,Jarrett",2020,9.1921875
"Allen,Kadeem",2018,1.4666666666666668
"Allen,Kadeem",2019,6.4789473684210535
"Allen,Kadeem",2020,3.31
"Allen,Tony",2018,2.4380952380952374
"Aminu,Al-Farouq",2018,7.22808219178082
"Aminu,Al-Farouq",2019,6.477319587628868
"Aminu,Al-Farouq",2020,3.8333333333333335
"Anderson,Justin",2018,2.6785714285714293
"Anderson,Justin",2019,2.5011627906976743
"Anderson,Justin",2020,-0.7499999999999997
"Anderson,Kyle",2018,7.560126582278478
"Anderson,Kyle",2019,7.275581395348836
"Anderson,Kyle",2020,5.1991525423728815
"Anderson,Ryan",2018,4.8638157894736835
"Anderson,Ryan",2019,1.9571428571428566
"Anderson,Ryan",2020,2.05
"Anigbogu,Ike",2018,1.4187500000000002
"Anigbogu,Ike",2019,0.45000000000000007
"Antetokounmpo,Giannis",2018,16.607926829268294
"Antetokounmpo,Giannis",2019,19.359195402298848
"Antetokounmpo,Giannis",2020,19.54473684210527
"Antetokounmpo,Kostas",2019,0.7500000000000002
"Antetokounmpo,Thanasis",2020,2.1187500000000004
"Anthony,Carmelo",2018,6.276785714285715
"Anthony,Carmelo",2019,4.645000000000001
"Anthony,Carmelo",2020,7.249
"Anunoby,OG",2018,3.6578313253012045
"Anunoby,OG",2019,3.761194029850746
"Anunoby,OG",2020,7.53888888888889
"Arcidiacono,Ryan",2018,2.6574999999999998
"Arcidiacono,Ryan",2019,4.959876543209878
"Arcidiacono,Ryan",2020,3.0116071428571445
"Ariza,Trevor",2018,6.098214285714287
"Ariza,Trevor",2019,8.44202898550725
"Ariza,Trevor",2020,6.2653846153846136
"Arthur,Darrell",2018,2.303125
"Artis,Jamel",2018,2.4892857142857148
"Augustin,D.J.",2018,7.434000000000001
"Augustin,D.J.",2019,8.524418604651164
"Augustin,D.J.",2020,6.834693877551021
"Ayton,Deandre",2019,11.216901408450704
"Ayton,Deandre",2020,12.913333333333332
"Aşık,Ömer",2018,1.31
"Babbitt,Luke",2018,2.490816326530612
"Bacon,Dwayne",2018,1.8639534883720934
"Bacon,Dwayne",2019,3.3473684210526318
"Bacon,Dwayne",2020,2.6999999999999997
"Bagley,Marvin",2019,8.721774193548388
"Bagley,Marvin",2020,6.484615384615385
"Baker,Ron",2018,3.016666666666666
"Baker,Ron",2019,0.7954545454545456
"Baldwin,Wade",2018,3.0166666666666666
"Baldwin,Wade",2019,1.511538461538462
"Ball,Lonzo",2018,10.639423076923078
"Ball,Lonzo",2019,8.92340425531915
"Ball,Lonzo",2020,12.252678571428573
"Bamba,Mohamed",2019,4.493617021276595
"Bamba,Mohamed",2020,4.552499999999998
"Barea,J.J.",2018,8.705797101449273
"Barea,J.J.",2019,7.114473684210526
"Barea,J.J.",2020,5.117307692307692
"Barnes,Harrison",2018,8.715584415584418
"Barnes,Harrison",2019,7.366883116883117
"Barnes,Harrison",2020,7.8890625000000005
"Barrett,RJ",2020,7.069642857142857
"Barton,Will",2018,9.774074074074074
"Barton,Will",2019,5.723684210526317
"Barton,Will",2020,9.393965517241382
"Bates-Diop,Keita",2019,3.0321428571428575
"Bates-Diop,Keita",2020,3.500000000000001
"Batum,Nicolas",2018,9.420312500000001
"Batum,Nicolas",2019,7.938666666666666
"Batum,Nicolas",2020,4.752272727272727
"Bayless,Jerryd",2018,3.843750000000001
"Bayless,Jerryd",2019,3.615625000000001
"Baynes,Aron",2018,4.157000000000002
"Baynes,Aron",2019,3.8913793103448278
"Baynes,Aron",2020,6.160714285714286
"Bazemore,Kent",2018,9.040769230769234
"Bazemore,Kent",2019,6.667164179104477
"Bazemore,Kent",2020,4.8070312500000005
"Bazley,Darius",2020,3.1330188679245285
"Beal,Bradley",2018,12.211363636363636
"Beal,Bradley",2019,14.34512195121951
"Beal,Bradley",2020,16.02982456140351
"Beasley,Malik",2018,2.0149999999999992
"Beasley,Malik",2019,5.251595744680851
"Beasley,Malik",2020,5.398148148148149
"Beasley,Michael",2018,7.762328767123286
"Beasley,Michael",2019,3.5580000000000007
"Belinelli,Marco",2018,6.092777777777779
"Belinelli,Marco",2019,4.620348837209304
"Belinelli,Marco",2020,2.5389999999999997
"Bell,Jordan",2018,4.864393939393938
"Bell,Jordan",2019,3.212857142857144
"Bell,Jordan",2020,3.181481481481481
"Bembry,DeAndre'",2018,4.63076923076923
"Bembry,DeAndre'",2019,6.2823170731707325
"Bembry,DeAndre'",2020,5.230952380952383
"Bender,Dragan",2018,4.624390243902441
"Bender,Dragan",2019,3.676744186046512
"Bender,Dragan",2020,4.66875
"Bertāns,Dairis",2019,0.4545454545454547
"Bertāns,Dāvis",2018,3.3306666666666676
"Bertāns,Dāvis",2019,4.604375
"Bertāns,Dāvis",2020,8.253703703703705
"Beverley,Patrick",2018,8.513636363636365
"Beverley,Patrick",2019,6.437499999999998
"Beverley,Patrick",2020,7.010416666666667
"Birch,Khem",2018,4.304054054054054
"Birch,Khem",2019,4.107407407407408
"Birch,Khem",2020,3.621052631578947
"Bird,Jabari",2018,3.8875
"Bitadze,Goga",2020,2.275
"Biyombo,Bismack",2018,4.8896341463414625
"Biyombo,Bismack",2019,3.8029411764705885
"Biyombo,Bismack",2020,5.21698113207547
"Bjelica,Nemanja",2018,4.614999999999998
"Bjelica,Nemanja",2019,6.755844155844157
"Bjelica,Nemanja",2020,8.397656249999999
"Black,Tarik",2018,3.0125000000000006
"Blakeney,Antonio",2018,2.4921052631578955
"Blakeney,Antonio",2019,2.7160377358490564
"Bledsoe,Eric",2018,11.961111111111112
"Bledsoe,Eric",2019,10.970652173913045
"Bledsoe,Eric",2020,10.810714285714287
"Blossomgame,Jaron",2019,3.013461538461539
"Blue,Vander",2018,0.6300000000000001
"Bogdanović,Bogdan",2018,6.975
"Bogdanović,Bogdan",2019,7.838571428571431
"Bogdanović,Bogdan",2020,7.991509433962262
"Bogdanović,Bojan",2018,7.078735632183907
"Bogdanović,Bojan",2019,9.205294117647059
"Bogdanović,Bojan",2020,10.491269841269844
"Bogut,Andrew",2018,3.075
"Bogut,Andrew",2019,3.8812499999999996
"Bolden,Jonah",2019,3.484615384615385
"Bolden,Jonah",2020,0.7166666666666668
"Bolomboy,Joel",2018,1.85
"Bone,Jordan",2020,0.188888888888889
"Bonga,Isaac",2019,0.9947368421052633
"Bonga,Isaac",2020,3.649122807017546
"Booker,Devin",2018,12.72777777777778
"Booker,Devin",2019,15.092968750000006
"Booker,Devin",2020,15.370161290322585
"Booker,Trevor",2018,4.36081081081081
"Boucher,Chris",2019,1.9149999999999998
"Boucher,Chris",2020,4.229807692307692
"Bowen,Brian",2020,0.020000000000000108
"Bowman,Ky",2020,5.217045454545455
"Bradley,Avery",2018,6.592391304347826
"Bradley,Avery",2019,4.781746031746031
"Bradley,Avery",2020,4.146938775510205
"Bradley,Tony",2018,0.47777777777777786
"Bradley,Tony",2019,4.716666666666668
"Bradley,Tony",2020,3.744897959183673
"Brantley,Jarrell",2020,0.75
"Brazdeikis,Ignas",2020,0.3437500000000001
"Brewer,Corey",2018,3.462000000000002
"Brewer,Corey",2019,3.387096774193549
"Bridges,Mikal",2019,5.769753086419754
"Bridges,Mikal",2020,6.65076923076923
"Bridges,Miles",2019,4.767721518987343
"Bridges,Miles",2020,6.957692307692307
"Briscoe,Isaiah",2019,2.733823529411765
"Brissett,Oshae",2020,1.1875000000000002
"Broekhoff,Ryan",2019,2.6314285714285712
"Broekhoff,Ryan",2020,2.8218750000000004
"Brogdon,Malcolm",2018,6.794545454545457
"Brogdon,Malcolm",2019,9.157042253521128
"Brogdon,Malcolm",2020,10.851041666666667
"Brooks,Aaron",2018,1.3788461538461536
"Brooks,Dillon",2018,5.269512195121951
"Brooks,Dillon",2019,2.6666666666666665
"Brooks,Dillon",2020,5.904615384615385
"Brooks,MarShon",2018,12.964285714285717
"Brooks,MarShon",2019,2.7655172413793103
"Brown,Anthony",2018,2.5
"Brown,Bobby",2018,1.297058823529412
"Brown,Bruce",2019,2.259868421052632
"Brown,Bruce",2020,7.033620689655172
"Brown,Charlie",2020,1.2375
"Brown,Jaylen",2018,7.721022727272729
"Brown,Jaylen",2019,6.4626506024096395
"Brown,Jaylen",2020,10.895
"Brown,Lorenzo",2018,1.5035714285714288
"Brown,Lorenzo",2019,2.0300000000000002
"Brown,Markel",2018,1.2000000000000002
"Brown,Moses",2020,0.9214285714285717
"Brown,Sterling",2018,2.433018867924528
"Brown,Sterling",2019,4.045454545454546
"Brown,Sterling",2020,3.6238095238095243
"Brown,Troy",2019,3.3287234042553195
"Brown,Troy",2020,6.580327868852459
"Brunson,Jalen",2019,5.603623188405799
"Brunson,Jalen",2020,5.275438596491228
"Brussino,Nicolás",2018,-0.16666666666666666
"Bryant,Thomas",2018,1.1700000000000002
"Bryant,Thomas",2019,7.400000000000001
"Bryant,Thomas",2020,8.569736842105259
"Bullock,Reggie",2018,6.172580645161291
"Bullock,Reggie",2019,5.75714285714286
"Bullock,Reggie",2020,3.599999999999999
"Burke,Trey",2018,7.438888888888889
"Burke,Trey",2019,5.080172413793104
"Burke,Trey",2020,3.50625
"Burks,Alec",2018,4.238732394366197
"Burks,Alec",2019,5.166393442622951
"Burks,Alec",2020,7.908474576271189
"Burton,Deonte",2019,0.941071428571429
"Burton,Deonte",2020,1.2322580645161292
"Butler,Jimmy",2018,13.09296875
"Butler,Jimmy",2019,11.598701298701299
"Butler,Jimmy",2020,14.007407407407413
"Buycks,Dwight",2018,4.3759259259259276
"Caboclo,Bruno",2018,1.65
"Caboclo,Bruno",2019,5.561764705882354
"Caboclo,Bruno",2020,2.3673913043478256
"Calderón,José",2018,3.5830508474576277
"Calderón,José",2019,2.53953488372093
"Caldwell-Pope,Kentavious",2018,8.110135135135133
"Caldwell-Pope,Kentavious",2019,5.573780487804878
"Caldwell-Pope,Kentavious",2020,5.196031746031748
"Canaan,Isaiah",2018,5.857499999999999
"Canaan,Isaiah",2019,4.181034482758621
"Capela,Clint",2018,11.021978021978024
"Capela,Clint",2019,12.325000000000001
"Capela,Clint",2020,12.483333333333333
"Carroll,DeMarre",2018,7.882191780821919
"Carroll,DeMarre",2019,5.550000000000001
"Carroll,DeMarre",2020,2.2952380952380955
"Carter,Jevon",2019,2.828947368421052
"Carter,Jevon",2020,3.3893617021276596
"Carter,Vince",2018,3.3215517241379304
"Carter,Vince",2019,3.9259999999999997
"Carter,Vince",2020,2.2220338983050842
"Carter,Wendell",2019,6.787500000000002
"Carter,Wendell",2020,8.455813953488372
"Carter-Williams,Michael",2018,3.5769230769230775
"Carter-Williams,Michael",2019,3.703125000000001
"Carter-Williams,Michael",2020,5.582142857142858
"Caruso,Alex",2018,3.869117647058824
"Caruso,Alex",2019,8.2575
"Caruso,Alex",2020,3.929310344827588
"Casspi,Omri",2018,4.114423076923078
"Casspi,Omri",2019,4.045833333333334
"Cauley-Stein,Willie",2018,7.993150684931509
"Cauley-Stein,Willie",2019,8.365432098765432
"Cauley-Stein,Willie",2020,5.909259259259262
"Caupain,Troy",2019,1.875
"Cavanaugh,Tyler",2018,3.14
"Cavanaugh,Tyler",2019,0.6833333333333335
"Chalmers,Mario",2018,5.2242424242424255
"Chandler,Tyson",2018,7.229347826086957
"Chandler,Tyson",2019,4.377083333333334
"Chandler,Tyson",2020,2.6766666666666663
"Chandler,Wilson",2018,6.42027027027027
"Chandler,Wilson",2019,4.015740740740741
"Chandler,Wilson",2020,3.6442857142857137
"Chealey,Joe",2019,-0.39999999999999963
"Chealey,Joe",2020,0.5333333333333334
"Cheatham,Zylan",2020,1.366666666666667
"Chiozza,Chris",2019,0.7800000000000001
"Chiozza,Chris",2020,3.8250000000000006
"Chriss,Marquese",2018,5.176388888888891
"Chriss,Marquese",2019,2.4607142857142867
"Chriss,Marquese",2020,7.491525423728813
"Clark,Gary",2019,1.9909090909090912
"Clark,Gary",2020,2.153030303030303
"Clark,Ian",2018,3.3329268292682923
"Clark,Ian",2019,3.36
"Clarke,Brandon",2020,8.069999999999999
"Clarkson,Jordan",2018,5.924499999999998
"Clarkson,Jordan",2019,7.927160493827158
"Clarkson,Jordan",2020,7.4325396825396846
"Clavell,Gian",2018,1.8200000000000003
"Claxton,Nicolas",2020,3.392857142857143
"Clemons,Chris",2020,2.6711538461538455
"Cleveland,Antonius",2018,1.2166666666666666
"Cleveland,Antonius",2020,0.2916666666666667
"Coffey,Amir",2020,0.781818181818182
"Collins,John",2018,7.870945945945945
"Collins,John",2019,11.997540983606557
"Collins,John",2020,13.568292682926831
"Collins,Zach",2018,2.694029850746269
"Collins,Zach",2019,4.420967741935484
"Collins,Zach",2020,5.8999999999999995
"Collinsworth,Kyle",2018,3.4410714285714286
"Collison,Darren",2018,8.856578947368423
"Collison,Darren",2019,9.007500000000004
"Collison,Nick",2018,1.807692307692308
"Colson,Bonzie",2019,3.45
"Conley,Mike",2018,7.437500000000001
"Conley,Mike",2019,11.987857142857141
"Conley,Mike",2020,7.695121951219513
"Connaughton,Pat",2018,2.6563953488372096
"Connaughton,Pat",2019,5.179333333333332
"Connaughton,Pat",2020,4.697413793103449
"Cook,Quinn",2018,4.655555555555556
"Cook,Quinn",2019,3.5698795180722906
"Cook,Quinn",2020,2.563513513513514
"Cook,Tyler",2020,1.1849999999999998
"Cooke,Charles",2018,-0.1954545454545454
"Cooley,Jack",2018,3.364285714285714
"Costello,Matt",2018,1.2999999999999998
"Cousins,DeMarcus",2018,19.260416666666668
"Cousins,DeMarcus",2019,9.977631578947367
"Covington,Robert",2018,7.97
"Covington,Robert",2019,8.487142857142857
"Covington,Robert",2020,8.280645161290318
"Crabbe,Allen",2018,6.278666666666665
"Crabbe,Allen",2019,4.263953488372092
"Crabbe,Allen",2020,2.08918918918919
"Craig,Torrey",2018,2.993055555555556
"Craig,Torrey",2019,3.8476190476190473
"Craig,Torrey",2020,3.1988888888888884
"Crawford,Jamal",2018,4.870588235294115
"Crawford,Jamal",2019,5.55655737704918
"Crawford,Jordan",2018,4.885714285714286
"Creek,Mitch",2019,2.9400000000000004
"Crowder,Jae",2018,4.609340659340659
"Crowder,Jae",2019,6.0988235294117645
"Crowder,Jae",2020,6.970689655172414
"Culver,Jarrett",2020,4.837301587301587
"Cunningham,Dante",2018,3.7535714285714303
"Cunningham,Dante",2019,2.927118644067796
"Curry,Seth",2019,3.8460674157303374
"Curry,Seth",2020,7.0603448275862055
"Curry,Stephen",2018,17.059090909090912
"Curry,Stephen",2019,16.348901098901095
"Curry,Stephen",2020,13.220000000000002
"Daniels,Troy",2018,3.5822784810126582
"Daniels,Troy",2019,2.859782608695653
"Daniels,Troy",2020,1.6700000000000004
"Davis,Anthony",2018,17.02857142857143
"Davis,Anthony",2019,17.024107142857144
"Davis,Anthony",2020,16.484545454545454
"Davis,Deyonta",2018,3.779508196721312
"Davis,Deyonta",2019,3.4999999999999996
"Davis,Ed",2018,5.096341463414635
"Davis,Ed",2019,5.671084337349397
"Davis,Ed",2020,1.9217391304347824
"Davis,Terence",2020,5.323387096774193
"Davis,Tyler",2019,0.0
"DeRozan,DeMar",2018,11.15
"DeRozan,DeMar",2019,12.004166666666668
"DeRozan,DeMar",2020,12.518852459016392
"Dedmon,Dewayne",2018,7.583064516129035
"Dedmon,Dewayne",2019,7.9101562500000036
"Dedmon,Dewayne",2020,4.0744186046511635
"Dekker,Sam",2018,2.57089552238806
"Dekker,Sam",2019,4.104545454545455
"Delaney,Malcolm",2018,4.455555555555555
"Delgado,Ángel",2019,1.0500000000000003
"Dellavedova,Matthew",2018,3.8863636363636362
"Dellavedova,Matthew",2019,4.65744680851064
"Dellavedova,Matthew",2020,3.242727272727273
"Deng,Luol",2018,2.8000000000000003
"Deng,Luol",2019,4.572727272727273
"Derrickson,Marcus",2019,2.0318181818181817
"DiVincenzo,Donte",2019,3.1173076923076923
"DiVincenzo,Donte",2020,7.277966101694916
"Diallo,Cheick",2018,3.321568627450981
"Diallo,Cheick",2019,5.08050847457627
"Diallo,Cheick",2020,3.7730769230769226
"Diallo,Hamidou",2019,1.8697916666666663
"Diallo,Hamidou",2020,3.0855263157894735
"Dieng,Gorgui",2018,4.095180722891566
"Dieng,Gorgui",2019,4.470666666666667
"Dieng,Gorgui",2020,6.085964912280702
"Dinwiddie,Spencer",2018,8.33625
"Dinwiddie,Spencer",2019,8.743150684931507
"Dinwiddie,Spencer",2020,10.899218750000001
"Dončić,Luka",2019,14.002083333333335
"Dončić,Luka",2020,19.031481481481478
"Dorsey,Tyler",2018,3.3226415094339625
"Dorsey,Tyler",2019,3.0315217391304357
"Dort,Luguentz",2020,2.2931034482758625
"Dotson,Damyean",2018,2.3412499999999996
"Dotson,Damyean",2019,5.265068493150683
"Dotson,Damyean",2020,3.18404255319149
"Doumbouya,Sekou",2020,2.7391891891891897
"Doyle,Milton",2018,0.7900000000000003
"Dozier,PJ",2018,0.55
"Dozier,PJ",2019,3.0125
"Dozier,PJ",2020,1.9549999999999996
"Dragić,Goran",2018,9.478125000000002
"Dragić,Goran",2019,7.813888888888889
"Dragić,Goran",2020,9.745370370370368
"Drew,Larry",2018,0.577777777777778
"Drummond,Andre",2018,14.680769230769227
"Drummond,Andre",2019,14.046385542168673
"Drummond,Andre",2020,15.80263157894737
"Dudley,Jared",2018,2.9399999999999986
"Dudley,Jared",2019,3.277049180327869
"Dudley,Jared",2020,1.6
"Dunn,Kris",2018,9.728846153846158
"Dunn,Kris",2019,8.034782608695652
"Dunn,Kris",2020,6.2620000000000005
"Durant,Kevin",2018,16.434831460674157
"Durant,Kevin",2019,16.10277777777778
"Duval,Trevon",2019,1.8
"Eddie,Jarell",2018,-0.5499999999999999
"Edwards,Carsen",2020,1.425
"Edwards,Vince",2019,0.44999999999999996
"Ellenson,Henry",2018,2.064705882352941
"Ellenson,Henry",2019,3.026315789473684
"Ellenson,Henry",2020,-0.4249999999999999
"Ellington,Wayne",2018,5.464814814814812
"Ellington,Wayne",2019,5.1071428571428585
"Ellington,Wayne",2020,2.7147058823529417
"Embiid,Joel",2018,14.532394366197183
"Embiid,Joel",2019,16.862000000000002
"Embiid,Joel",2020,15.003409090909093
"Ennis,James",2018,4.310416666666667
"Ennis,James",2019,3.8161764705882346
"Ennis,James",2020,3.714166666666667
"Ennis,Tyler",2018,3.021428571428571
"Eubanks,Drew",2019,1.9352941176470588
"Eubanks,Drew",2020,3.226923076923077
"Evans,Jacob",2019,1.014
"Evans,Jacob",2020,2.2
"Evans,Jawun",2018,2.740697674418604
"Evans,Jawun",2019,1.3
"Evans,Jeremy",2018,2.2
"Evans,Tyreke",2018,11.58173076923077
"Evans,Tyreke",2019,5.517123287671233
"Exum,Dante",2018,4.645652173913044
"Exum,Dante",2019,3.9166666666666665
"Exum,Dante",2020,3.3485294117647055
"Fall,Tacko",2020,2.2399999999999998
"Faried,Kenneth",2018,4.548333333333332
"Faried,Kenneth",2019,6.388095238095239
"Favors,Derrick",2018,8.057954545454548
"Favors,Derrick",2019,8.793750000000005
"Favors,Derrick",2020,8.8
"Felder,Kay",2018,1.7633333333333332
"Felton,Raymond",2018,4.057954545454546
"Felton,Raymond",2019,2.227777777777778
"Felício,Cristiano",2018,4.371296296296297
"Felício,Cristiano",2019,3.2348214285714283
"Felício,Cristiano",2020,5.065789473684211
"Ferguson,Terrance",2018,1.5124999999999995
"Ferguson,Terrance",2019,2.6974683544303786
"Ferguson,Terrance",2020,1.8170212765957447
"Fernando,Bruno",2020,3.262264150943397
"Ferrell,Yogi",2018,5.3774390243902435
"Ferrell,Yogi",2019,3.5818840579710156
"Ferrell,Yogi",2020,2.401249999999999
"Finney-Smith,Dorian",2018,3.9
"Finney-Smith,Dorian",2019,5.125000000000002
"Finney-Smith,Dorian",2020,6.578906250000002
"Forbes,Bryn",2018,2.5123456790123453
"Forbes,Bryn",2019,5.773033707865168
"Forbes,Bryn",2020,5.000793650793651
"Fournier,Evan",2018,8.506140350877194
"Fournier,Evan",2019,7.461046511627908
"Fournier,Evan",2020,9.758196721311478
"Fox,De'Aaron",2018,6.906849315068494
"Fox,De'Aaron",2019,11.958024691358023
"Fox,De'Aaron",2020,12.61888888888889
"Frazier,Melvin",2019,0.1083333333333334
"Frazier,Melvin",2020,0.6090909090909092
"Frazier,Michael",2020,0.2833333333333335
"Frazier,Tim",2018,3.7076271186440692
"Frazier,Tim",2019,5.192857142857141
"Frazier,Tim",2020,3.8519230769230766
"Fredette,Jimmer",2019,1.3833333333333337
"Frye,Channing",2018,2.954901960784314
"Frye,Channing",2019,1.7171875000000003
"Fultz,Markelle",2018,4.143750000000001
"Fultz,Markelle",2019,4.752631578947369
"Fultz,Markelle",2020,8.422656250000001
"Gabriel,Wenyen",2020,1.8807692307692305
"Gafford,Daniel",2020,4.283783783783784
"Gallinari,Danilo",2018,7.190476190476191
"Gallinari,Danilo",2019,10.636486486486486
"Gallinari,Danilo",2020,9.916363636363634
"Galloway,Langston",2018,2.8491228070175434
"Galloway,Langston",2019,3.2451807228915666
"Galloway,Langston",2020,5.1515151515151505
"Garland,Darius",2020,7.248305084745763
"Garrett,Billy",2019,2.0500000000000007
"Gasol,Marc",2018,11.121917808219179
"Gasol,Marc",2019,9.249029126213587
"Gasol,Marc",2020,6.738888888888891
"Gasol,Pau",2018,7.897560975609756
"Gasol,Pau",2019,3.948148148148149
"Gay,Rudy",2018,6.639516129032258
"Gay,Rudy",2019,8.578947368421051
"Gay,Rudy",2020,6.193333333333334
"George,Paul",2018,12.670588235294115
"George,Paul",2019,15.99756097560975
"George,Paul",2020,12.411904761904763
"Georges-Hunt,Marcus",2018,0.7217391304347825
"Gibson,Jonathan",2018,4.275
"Gibson,Taj",2018,7.644252873563218
"Gibson,Taj",2019,7.207857142857141
"Gibson,Taj",2020,4.53951612903226
"Giles,Harry",2019,4.488181818181818
"Giles,Harry",2020,4.429729729729729
"Gilgeous-Alexander,Shai",2019,7.229545454545454
"Gilgeous-Alexander,Shai",2020,10.675396825396822
"Ginóbili,Manu",2018,5.489285714285714
"Gobert,Rudy",2018,11.659701492537312
"Gobert,Rudy",2019,13.445930232558144
"Gobert,Rudy",2020,13.357258064516127
"Goodwin,Brandon",2019,0.7000000000000001
"Goodwin,Brandon",2020,3.1911764705882355
"Gordon,Aaron",2018,9.90689655172414
"Gordon,Aaron",2019,10.08734939759036
"Gordon,Aaron",2020,9.034482758620692
"Gordon,Eric",2018,8.152325581395353
"Gordon,Eric",2019,6.986708860759496
"Gordon,Eric",2020,4.992647058823529
"Gortat,Marcin",2018,6.6477272727272725
"Gortat,Marcin",2019,4.557608695652173
"Graham,Devonte'",2019,3.2646341463414648
"Graham,Devonte'",2020,12.050793650793654
"Graham,Treveon",2018,2.4483870967741943
"Graham,Treveon",2019,2.0166666666666666
"Graham,Treveon",2020,2.2153846153846155
"Grant,Jerami",2018,4.719540229885059
"Grant,Jerami",2019,7.067058823529409
"Grant,Jerami",2020,5.881249999999999
"Grant,Jerian",2018,5.978378378378378
"Grant,Jerian",2019,3.7316666666666674
"Grantham,Donte",2019,-0.7
"Gray,Josh",2018,3.3800000000000003
"Gray,Josh",2020,3.4
"Green,Danny",2018,5.0406666666666675
"Green,Danny",2019,6.260096153846157
"Green,Danny",2020,5.447540983606557
"Green,Draymond",2018,12.789560439560443
"Green,Draymond",2019,11.58522727272727
"Green,Draymond",2020,9.044186046511628
"Green,Gerald",2018,4.42280701754386
"Green,Gerald",2019,3.6861445783132543
"Green,JaMychal",2018,7.1118181818181805
"Green,JaMychal",2019,6.282394366197183
"Green,JaMychal",2020,4.609259259259259
"Green,Javonte",2020,2.8609374999999995
"Green,Jeff",2018,4.986999999999998
"Green,Jeff",2019,6.951298701298701
"Green,Jeff",2020,4.4125
"Griffin,Blake",2018,12.581896551724135
"Griffin,Blake",2019,14.538961038961036
"Griffin,Blake",2020,7.244444444444446
"Guduric,Marko",2020,2.9871794871794872
"Guy,Kyle",2020,-0.7
"Hachimura,Rui",2020,6.813414634146342
"Hall,Devon",2020,0.38333333333333347
"Hall,Donta",2020,1.7750000000000001
"Hamilton,Daniel",2018,2.4499999999999997
"Hamilton,Daniel",2019,2.7323529411764707
"Hannahs,Dusty",2019,1.0000000000000004
"Hannahs,Dusty",2020,1.6500000000000006
"Hardaway,Tim",2018,8.05701754385965
"Hardaway,Tim",2019,7.42
"Hardaway,Tim",2020,7.133333333333334
"Harden,James",2018,19.59101123595506
"Harden,James",2019,21.893258426966288
"Harden,James",2020,20.818032786885247
"Harkless,Maurice",2018,4.465833333333332
"Harkless,Maurice",2019,5.155921052631578
"Harkless,Maurice",2020,4.4958333333333345
"Harper,Jared",2020,-0.7
"Harrell,Montrezl",2018,6.288815789473684
"Harrell,Montrezl",2019,10.243181818181819
"Harrell,Montrezl",2020,10.603174603174605
"Harris,Devin",2018,4.354929577464787
"Harris,Devin",2019,3.1647058823529415
"Harris,Gary",2018,10.137313432835825
"Harris,Gary",2019,6.191549295774648
"Harris,Gary",2020,5.574107142857144
"Harris,Joe",2018,6.312820512820513
"Harris,Joe",2019,7.883333333333337
"Harris,Joe",2020,7.732539682539685
"Harris,Tobias",2018,9.025625
"Harris,Tobias",2019,10.814361702127659
"Harris,Tobias",2020,9.75769230769231
"Harrison,Aaron",2018,1.3222222222222226
"Harrison,Andrew",2018,5.491818181818183
"Harrison,Andrew",2019,1.5093750000000004
"Harrison,Shaquille",2018,5.24
"Harrison,Shaquille",2019,4.465492957746479
"Harrison,Shaquille",2020,4.163636363636364
"Hart,Josh",2018,5.2655737704918035
"Hart,Josh",2019,4.6856060606060606
"Hart,Josh",2020,6.707894736842103
"Hartenstein,Isaiah",2019,2.030952380952381
"Hartenstein,Isaiah",2020,4.652500000000001
"Haslem,Udonis",2018,0.34375000000000006
"Haslem,Udonis",2019,0.8214285714285714
"Haslem,Udonis",2020,0.01666666666666668
"Hayes,Jaxson",2020,5.111111111111113
"Hayes,Nigel",2018,1.5125000000000002
"Hayward,Gordon",2018,0.10000000000000009
"Hayward,Gordon",2019,7.808124999999999
"Hayward,Gordon",2020,10.90777777777778
"Hearn,Reggie",2018,0.4333333333333333
"Henry,Myke",2018,3.97
"Henson,John",2018,6.8160256410256395
"Henson,John",2019,4.971428571428571
"Henson,John",2020,4.951315789473685
"Hernandez,Dewan",2020,0.8
"Hernangómez,Juan",2018,2.280952380952381
"Hernangómez,Juan",2019,3.995522388059703
"Hernangómez,Juan",2020,3.9238636363636346
"Hernangómez,Willy",2018,4.301136363636363
"Hernangómez,Willy",2019,5.356140350877193
"Hernangómez,Willy",2020,4.8999999999999995
"Herro,Tyler",2020,6.643617021276594
"Hervey,Kevin",2020,-1.3499999999999996
"Hezonja,Mario",2018,5.765540540540541
"Hezonja,Mario",2019,5.118103448275862
"Hezonja,Mario",2020,3.3100000000000005
"Hicks,Isaiah",2018,1.8941176470588232
"Hicks,Isaiah",2019,2.583333333333333
"Hield,Buddy",2018,7.496249999999998
"Hield,Buddy",2019,10.376829268292685
"Hield,Buddy",2020,10.652343749999998
"Highsmith,Haywood",2019,0.8250000000000002
"Hill,George",2018,6.088372093023256
"Hill,George",2019,5.198
"Hill,George",2020,7.023076923076923
"Hill,Solomon",2018,2.2
"Hill,Solomon",2019,3.1392857142857147
"Hill,Solomon",2020,4.192452830188679
"Hilliard,Darrun",2018,0.7041666666666667
"Hilário,Nenê",2018,3.5188524590163928
"Hilário,Nenê",2019,2.4
"Hoard,Jaylen",2020,2.295454545454546
"Holiday,Aaron",2019,3.0264705882352936
"Holiday,Aaron",2020,5.581034482758622
"Holiday,Jrue",2018,12.677777777777777
"Holiday,Jrue",2019,14.623134328358205
"Holiday,Jrue",2020,13.228181818181822
"Holiday,Justin",2018,6.411805555555556
"Holiday,Justin",2019,6.354268292682926
"Holiday,Justin",2020,5.459230769230771
"Holland,John",2018,1.5705882352941178
"Hollis-Jefferson,Rondae",2018,8.643382352941176
"Hollis-Jefferson,Rondae",2019,5.175409836065575
"Hollis-Jefferson,Rondae",2020,5.492156862745097
"Holmes,Richaun",2018,4.33936170212766
"Holmes,Richaun",2019,5.630597014925374
"Holmes,Richaun",2020,9.461538461538462
"Hood,Rodney",2018,5.438000000000001
"Hood,Rodney",2019,4.611363636363638
"Hood,Rodney",2020,6.409999999999999
"Hopson,Scotty",2018,0.9500000000000001
"Horford,Al",2018,10.652197802197806
"Horford,Al",2019,10.609090909090906
"Horford,Al",2020,8.443333333333332
"Horton-Tucker,Talen",2020,-0.19999999999999996
"House,Danuel",2018,3.6500000000000004
"House,Danuel",2019,4.918478260869564
"House,Danuel",2020,6.1818965517241375
"Howard,Dwight",2018,11.837037037037037
"Howard,Dwight",2019,8.572222222222223
"Howard,Dwight",2020,6.820491803278689
"Howard,William",2020,-1.1999999999999997
"Huerter,Kevin",2019,6.298
"Huerter,Kevin",2020,7.534821428571426
"Huestis,Josh",2018,1.5097014925373142
"Humphries,Isaac",2019,0.18000000000000024
"Hunter,De'Andre",2020,5.926984126984126
"Hunter,R.J.",2018,1.7000000000000004
"Hunter,R.J.",2019,7.550000000000002
"Hunter,Vince",2018,1.5999999999999999
"Hutchison,Chandler",2019,3.2625
"Hutchison,Chandler",2020,4.765384615384616
"Ibaka,Serge",2018,6.619767441860466
"Ibaka,Serge",2019,7.924489795918369
"Ibaka,Serge",2020,9.826
"Iguodala,Andre",2018,6.032051282051285
"Iguodala,Andre",2019,6.436206896551726
"Iguodala,Andre",2020,4.828571428571428
"Ingles,Joe",2018,9.47043010752688
"Ingles,Joe",2019,9.916091954022992
"Ingles,Joe",2020,8.48671875
"Ingram,Andre",2018,9.95
"Ingram,Andre",2019,-0.2999999999999998
"Ingram,Brandon",2018,9.277966101694917
"Ingram,Brandon",2019,9.080769230769233
"Ingram,Brandon",2020,13.709821428571425
"Irving,Kyrie",2018,13.425833333333335
"Irving,Kyrie",2019,14.457236842105264
"Irving,Kyrie",2020,15.425000000000006
"Isaac,Jonathan",2018,4.12962962962963
"Isaac,Jonathan",2019,6.018749999999999
"Isaac,Jonathan",2020,8.995312500000002
"Iwundu,Wesley",2018,2.370338983050848
"Iwundu,Wesley",2019,2.8373239436619713
"Iwundu,Wesley",2020,2.7955555555555556
"Jack,Jarrett",2018,6.558064516129034
"Jackson,Aaron",2018,0.8625
"Jackson,Demetrius",2018,2.3750000000000004
"Jackson,Demetrius",2019,2.6
"Jackson,Frank",2019,3.5412280701754386
"Jackson,Frank",2020,2.5040816326530617
"Jackson,Jaren",2019,7.387931034482762
"Jackson,Jaren",2020,8.291666666666664
"Jackson,Josh",2018,5.922077922077921
"Jackson,Josh",2019,6.502531645569619
"Jackson,Josh",2020,5.81388888888889
"Jackson,Justin",2018,3.3671641791044777
"Jackson,Justin",2019,3.614375
"Jackson,Justin",2020,2.3214285714285716
"Jackson,Reggie",2018,8.159999999999998
"Jackson,Reggie",2019,7.855232558139533
"Jackson,Reggie",2020,7.42608695652174
"James,Justin",2020,1.8950000000000002
"James,LeBron",2018,21.0610576923077
"James,LeBron",2019,18.38
"James,LeBron",2020,19.12666666666666
"James,Mike",2018,5.3114285714285705
"Jefferson,Al",2018,4.1499999999999995
"Jefferson,Amile",2019,1.855
"Jefferson,Amile",2020,0.9800000000000001
"Jefferson,Richard",2018,1.0781250000000002
"Jeffries,DaQuan",2020,0.47500000000000003
"Jenkins,John",2019,2.2340000000000004
"Jennings,Brandon",2018,4.260000000000001
"Jerebko,Jonas",2018,3.0902597402597407
"Jerebko,Jonas",2019,3.763690476190477
"Jerome,Ty",2020,2.332692307692308
"Johnson,Alize",2019,0.4727272727272726
"Johnson,Alize",2020,1.16
"Johnson,Amir",2018,4.256962025316455
"Johnson,Amir",2019,3.0962962962962965
"Johnson,B.J.",2019,2.825
"Johnson,B.J.",2020,0.8666666666666666
"Johnson,Brice",2018,2.0928571428571425
"Johnson,Cameron",2020,4.550000000000001
"Johnson,Dakari",2018,1.4375
"Johnson,James",2018,8.414102564102564
"Johnson,James",2019,5.0200000000000005
"Johnson,James",2020,6.204687500000001
"Johnson,Joe",2018,3.15327868852459
"Johnson,Keldon",2020,3.5357142857142856
"Johnson,Omari",2018,3.75
"Johnson,Stanley",2018,4.57608695652174
"Johnson,Stanley",2019,4.264615384615383
"Johnson,Stanley",2020,0.9892857142857142
"Johnson,Tyler",2018,6.001298701298699
"Johnson,Tyler",2019,6.517543859649126
"Johnson,Tyler",2020,2.809677419354839
"Johnson,Wesley",2018,3.9404411764705882
"Johnson,Wesley",2019,1.6405405405405409
"Jokić,Nikola",2018,15.33
"Jokić,Nikola",2019,16.785638297872346
"Jokić,Nikola",2020,15.984615384615385
"Jones,Damian",2018,0.9233333333333335
"Jones,Damian",2019,4.0807692307692305
"Jones,Damian",2020,4.1686274509803924
"Jones,Derrick",2018,2.0166666666666666
"Jones,Derrick",2019,4.681034482758622
"Jones,Derrick",2020,5.754081632653061
"Jones,Jalen",2018,2.326923076923077
"Jones,Jalen",2019,3.0384615384615383
"Jones,Jemerrio",2019,6.091666666666666
"Jones,Terrence",2019,0.12500000000000017
"Jones,Tyus",2018,4.45301204819277
"Jones,Tyus",2019,5.468382352941178
"Jones,Tyus",2020,5.6899999999999995
"Jordan,DeAndre",2018,12.020129870129871
"Jordan,DeAndre",2019,11.975362318840581
"Jordan,DeAndre",2020,8.747321428571428
"Joseph,Cory",2018,5.221348314606744
"Joseph,Cory",2019,5.336627906976743
"Joseph,Cory",2020,4.771874999999999
"Kabengele,Mfiondu",2020,1.6454545454545455
"Kaminsky,Frank",2018,5.3398734177215195
"Kaminsky,Frank",2019,4.928260869565218
"Kaminsky,Frank",2020,5.948437500000002
"Kanter,Enes",2018,10.777464788732393
"Kanter,Enes",2019,9.749397590361445
"Kanter,Enes",2020,6.93137254901961
"Kennard,Luke",2018,4.686619718309859
"Kennard,Luke",2019,5.066417910447762
"Kennard,Luke",2020,8.464285714285714
"Kidd,Stanton",2020,0.25
"Kidd-Gilchrist,Michael",2018,4.584931506849317
"Kidd-Gilchrist,Michael",2019,3.903174603174604
"Kidd-Gilchrist,Michael",2020,1.573684210526316
"Kilpatrick,Sean",2018,3.0723404255319156
"King,Louis",2020,0.9312500000000002
"Kleber,Maxi",2018,3.6514925373134313
"Kleber,Maxi",2019,5.070000000000001
"Kleber,Maxi",2020,5.914393939393938
"Knight,Brandon",2019,3.0671052631578952
"Knight,Brandon",2020,4.456
"Knox,Kevin",2019,4.877333333333334
"Knox,Kevin",2020,2.703846153846154
"Konchar,John",2020,5.0791666666666675
"Korkmaz,Furkan",2018,0.5083333333333333
"Korkmaz,Furkan",2019,3.0724489795918357
"Korkmaz,Furkan",2020,4.691406250000002
"Kornet,Luke",2018,3.7675000000000005
"Kornet,Luke",2019,4.667441860465115
"Kornet,Luke",2020,3.167647058823529
"Korver,Kyle",2018,4.813297872340426
"Korver,Kyle",2019,4.1
"Korver,Kyle",2020,4.151999999999999
"Koufos,Kosta",2018,5.506338028169016
"Koufos,Kosta",2019,3.115
"Kurucs,Rodions",2019,4.613432835820895
"Kurucs,Rodions",2020,3.0054054054054054
"Kuzma,Kyle",2018,8.520129870129866
"Kuzma,Kyle",2019,8.745714285714286
"Kuzma,Kyle",2020,5.8537037037037045
"Kuzminskas,Mindaugas",2018,-1.4
"LaVine,Zach",2018,7.104166666666668
"LaVine,Zach",2019,13.08174603174603
"LaVine,Zach",2020,14.075000000000005
"Labissière,Skal",2018,5.064166666666668
"Labissière,Skal",2019,1.8690476190476193
"Labissière,Skal",2020,4.709374999999999
"Lamb,Jeremy",2018,6.846875000000002
"Lamb,Jeremy",2019,7.8981012658227865
"Lamb,Jeremy",2020,6.656521739130436
"Langford,Romeo",2020,1.406818181818182
"Larkin,Shane",2018,2.9040983606557385
"Lauvergne,Joffrey",2018,3.2928571428571427
"Law,Vic",2020,-0.4999999999999999
"Lawson,Ty",2018,4.0600000000000005
"Layman,Jake",2018,0.8131578947368423
"Layman,Jake",2019,3.945945945945945
"Layman,Jake",2020,4.32608695652174
"LeVert,Caris",2018,8.130985915492957
"LeVert,Caris",2019,8.142222222222223
"LeVert,Caris",2020,9.462820512820512
"Leaf,T.J.",2018,1.4755555555555557
"Leaf,T.J.",2019,2.556
"Leaf,T.J.",2020,2.0760869565217392
"Lecque,Jalen",2020,0.8333333333333338
"Lee,Courtney",2018,6.688157894736843
"Lee,Courtney",2019,2.3984848484848484
"Lee,Courtney",2020,2.9847826086956526
"Lee,Damion",2018,5.583333333333334
"Lee,Damion",2019,2.633870967741936
"Lee,Damion",2020,7.179591836734695
"Lemon,Walt",2018,1.4900000000000002
"Lemon,Walt",2019,7.975000000000001
"Len,Alex",2018,6.906521739130435
"Len,Alex",2019,6.581578947368422
"Len,Alex",2020,5.98673469387755
"Leonard,Kawhi",2018,10.472222222222221
"Leonard,Kawhi",2019,15.810119047619041
"Leonard,Kawhi",2020,15.785294117647055
"Leonard,Meyers",2018,2.575
"Leonard,Meyers",2019,4.254285714285712
"Leonard,Meyers",2020,4.35
"Leuer,Jon",2018,2.8125
"Leuer,Jon",2019,2.735714285714285
"Liggins,DeAndre",2018,1.674509803921568
"Lillard,Damian",2018,15.135714285714286
"Lillard,Damian",2019,15.091666666666667
"Lillard,Damian",2020,17.14913793103448
"Lin,Jeremy",2018,8.100000000000001
"Lin,Jeremy",2019,5.68227848101266
"Little,Nassir",2020,1.9011627906976734
"Livingston,Shaun",2018,3.4744444444444436
"Livingston,Shaun",2019,3.0291666666666672
"Lofton,Zach",2019,1.3
"Looney,Kevon",2018,3.663749999999998
"Looney,Kevon",2019,5.438383838383837
"Looney,Kevon",2020,2.4725000000000006
"Lopez,Brook",2018,6.534459459459461
"Lopez,Brook",2019,7.156250000000001
"Lopez,Brook",2020,6.441803278688524
"Lopez,Robin",2018,7.121875
"Lopez,Robin",2019,6.154794520547946
"Lopez,Robin",2020,3.5965517241379303
"Love,Kevin",2018,10.475316455696206
"Love,Kevin",2019,10.011363636363633
"Love,Kevin",2020,12.27678571428572
"Lowry,Kyle",2018,12.626136363636368
"Lowry,Kyle",2019,12.102808988764046
"Lowry,Kyle",2020,13.664423076923079
"Loyd,Jordan",2019,1.4200000000000002
"Lucas,Kalin",2019,1.2000000000000002
"Luwawu-Cabarrot,Timothé",2018,2.3562499999999993
"Luwawu-Cabarrot,Timothé",2019,2.0651162790697675
"Luwawu-Cabarrot,Timothé",2020,3.121052631578948
"Lydon,Tyler",2019,1.25
"Lyles,Trey",2018,5.867605633802818
"Lyles,Trey",2019,4.579508196721311
"Lyles,Trey",2020,4.769841269841268
"Machado,Scott",2019,4.800000000000001
"Mack,Shelvin",2018,5.775757575757576
"Mack,Shelvin",2019,4.628070175438595
"Macon,Daryl",2019,2.1357142857142857
"Macon,Daryl",2020,1.3
"Macura,J.P.",2019,0.3500000000000002
"Magette,Josh",2018,3.0812500000000003
"Magette,Josh",2020,1.3214285714285714
"Mahinmi,Ian",2018,4.095679012345681
"Mahinmi,Ian",2019,3.213636363636364
"Mahinmi,Ian",2020,5.7065789473684205
"Maker,Thon",2018,2.8253164556962043
"Maker,Thon",2019,2.9700000000000006
"Maker,Thon",2020,3.73301886792453
"Mann,Terance",2020,2.1236842105263163
"Marjanović,Boban",2018,4.502777777777778
"Marjanović,Boban",2019,5.675000000000002
"Marjanović,Boban",2020,4.465151515151516
"Markkanen,Lauri",2018,8.122058823529413
"Markkanen,Lauri",2019,9.745192307692312
"Markkanen,Lauri",2020,8.338999999999997
"Martin,Caleb",2020,4.033333333333334
"Martin,Cody",2020,4.2380434782608685
"Martin,Jarell",2018,4.325694444444445
"Martin,Jarell",2019,1.3973684210526311
"Martin,Jeremiah",2020,0.4333333333333335
"Martin,Kelan",2020,2.7338709677419355
"Mason,Frank",2018,4.6528846153846155
"Mason,Frank",2019,3.4416666666666664
"Mason,Frank",2020,2.5200000000000005
"Maten,Yante",2019,0.6000000000000001
"Mathews,Garrison",2020,3.103125
"Mathiang,Mangok",2018,1.4833333333333336
"Matthews,Wesley",2018,6.904761904761907
"Matthews,Wesley",2019,5.84178082191781
"Matthews,Wesley",2020,4.004032258064516
"Mbah a Moute,Luc",2018,4.766428571428573
"Mbah a Moute,Luc",2019,1.5875000000000006
"McAdoo,James Michael",2018,1.0333333333333334
"McCall,Tahjere",2019,0.25000000000000033
"McCaw,Patrick",2018,2.909259259259259
"McCaw,Patrick",2019,2.3838709677419354
"McCaw,Patrick",2020,4.0042857142857144
"McCollum,CJ",2018,9.670588235294115
"McCollum,CJ",2019,9.367441860465119
"McCollum,CJ",2020,10.236290322580647
"McConnell,T.J.",2018,6.259999999999999
"McConnell,T.J.",2019,5.1607142857142865
"McConnell,T.J.",2020,6.3984126984127005
"McCree,Erik",2018,0.45000000000000007
"McCullough,Chris",2018,0.9472222222222221
"McDaniels,Jalen",2020,3.5343750000000003
"McDermott,Doug",2018,3.8335443037974692
"McDermott,Doug",2019,3.238607594936709
"McDermott,Doug",2020,4.699193548387098
"McGee,JaVale",2018,3.563194444444443
"McGee,JaVale",2019,8.793333333333333
"McGee,JaVale",2020,5.690163934426231
"McGruder,Rodney",2018,2.5
"McGruder,Rodney",2019,4.5484375
"McGruder,Rodney",2020,2.079787234042553
"McKinney-Jones,Trey",2018,0.0
"McKinnie,Alfonzo",2018,1.4500000000000004
"McKinnie,Alfonzo",2019,2.530113636363638
"McKinnie,Alfonzo",2020,2.720833333333333
"McLaughlin,Jordan",2020,6.408333333333334
"McLemore,Ben",2018,3.59375
"McLemore,Ben",2019,1.6058823529411768
"McLemore,Ben",2020,4.765873015873016
"McRae,Jordan",2019,3.5456521739130435
"McRae,Jordan",2020,5.731428571428571
"McRoberts,Josh",2018,-1.2
"Meeks,Jodie",2018,3.033333333333333
"Meeks,Jodie",2019,1.5921052631578947
"Mejri,Salah",2018,4.053703703703705
"Mejri,Salah",2019,3.81
"Melli,Nicolò",2020,4.315686274509805
"Melton,De'Anthony",2019,5.516304347826087
"Melton,De'Anthony",2020,6.452884615384617
"Metu,Chimezie",2019,1.5625000000000002
"Metu,Chimezie",2020,2.1733333333333333
"Mickey,Jordan",2018,2.8181818181818183
"Middleton,Khris",2018,11.26573033707865
"Middleton,Khris",2019,10.525
"Middleton,Khris",2020,12.341818181818182
"Mika,Eric",2020,2.7
"Miles,C.J.",2018,3.9381249999999985
"Miles,C.J.",2019,2.643137254901961
"Miles,C.J.",2020,2.795
"Miller,Darius",2018,3.9104395604395608
"Miller,Darius",2019,4.105072463768115
"Miller,Malcolm",2018,1.7000000000000002
"Miller,Malcolm",2019,0.9625000000000002
"Miller,Malcolm",2020,0.7900000000000004
"Mills,Patty",2018,5.824137931034481
"Mills,Patty",2019,5.662359550561799
"Mills,Patty",2020,5.654761904761904
"Millsap,Paul",2018,9.296052631578947
"Millsap,Paul",2019,8.391666666666664
"Millsap,Paul",2020,7.707954545454544
"Milton,Shake",2019,2.1388888888888893
"Milton,Shake",2020,6.182758620689653
"Mirotić,Nikola",2018,8.924218750000001
"Mirotić,Nikola",2019,7.503333333333336
"Mitchell,Donovan",2018,10.715555555555557
"Mitchell,Donovan",2019,11.354878048780488
"Mitchell,Donovan",2020,11.873809523809529
"Mitrou-Long,Naz",2018,1.9999999999999998
"Mitrou-Long,Naz",2019,1.4555555555555557
"Mitrou-Long,Naz",2020,3.1
"Mokoka,Adam",2020,1.1400000000000001
"Monk,Malik",2018,2.9982142857142855
"Monk,Malik",2019,4.26027397260274
"Monk,Malik",2020,5.4436363636363625
"Monroe,Greg",2018,8.008333333333335
"Monroe,Greg",2019,3.539583333333334
"Montero,Luis",2018,0.95
"Mooney,Matt",2020,0.6000000000000001
"Moore,E'Twaun",2018,6.70934065934066
"Moore,E'Twaun",2019,5.78301886792453
"Moore,E'Twaun",2020,3.841176470588236
"Morant,Ja",2020,12.402542372881356
"Moreland,Eric",2018,3.710909090909092
"Moreland,Eric",2019,1.825
"Morgan,Juwan",2020,1.33
"Morris,Jaylen",2018,3.0500000000000007
"Morris,Jaylen",2019,2.116666666666667
"Morris,Marcus",2018,5.854109589041096
"Morris,Marcus",2019,7.282738095238097
"Morris,Marcus",2020,8.024545454545457
"Morris,Markieff",2018,7.0443037974683556
"Morris,Markieff",2019,4.303968253968255
"Morris,Markieff",2020,5.61153846153846
"Morris,Monte",2018,5.6000000000000005
"Morris,Monte",2019,5.648958333333334
"Morris,Monte",2020,5.305384615384613
"Motiejūnas,Donatas",2019,1.5250000000000004
"Motley,Johnathan",2018,4.295454545454546
"Motley,Johnathan",2019,2.8200000000000007
"Motley,Johnathan",2020,3.2285714285714286
"Mozgov,Timofey",2018,3.7327586206896544
"Mudiay,Emmanuel",2018,5.361111111111111
"Mudiay,Emmanuel",2019,8.411864406779662
"Mudiay,Emmanuel",2020,4.862765957446808
"Muhammad,Shabazz",2018,1.8566666666666671
"Mulder,Mychal",2020,3.7642857142857147
"Munford,Xavier",2018,1.275
"Murray,Dejounte",2018,6.83511904761905
"Murray,Dejounte",2020,8.969827586206897
"Murray,Jamal",2018,9.62222222222222
"Murray,Jamal",2019,10.039325842696625
"Murray,Jamal",2020,10.946363636363637
"Musa,Džanan",2019,1.1444444444444448
"Musa,Džanan",2020,2.7734375
"Muscala,Mike",2018,5.223584905660378
"Muscala,Mike",2019,4.363709677419355
"Muscala,Mike",2020,2.6447368421052633
"Mykhailiuk,Sviatoslav",2019,1.6615384615384612
"Mykhailiuk,Sviatoslav",2020,5.251818181818183
"Nader,Abdel",2018,1.8184782608695655
"Nader,Abdel",2019,2.0605263157894744
"Nader,Abdel",2020,3.3659574468085105
"Nance,Larry",2018,6.663690476190476
"Nance,Larry",2019,9.201492537313435
"Nance,Larry",2020,8.3625
"Napier,Shabazz",2018,5.631333333333333
"Napier,Shabazz",2019,5.58245614035088
"Napier,Shabazz",2020,8.538235294117648
"Nelson,Jameer",2018,4.393999999999999
"Neto,Raul",2018,3.0477777777777777
"Neto,Raul",2019,3.5320512820512815
"Neto,Raul",2020,3.3706521739130437
"Niang,Georges",2018,1.0583333333333333
"Niang,Georges",2019,2.3870370370370364
"Niang,Georges",2020,3.1231481481481485
"Noah,Joakim",2018,2.1285714285714286
"Noah,Joakim",2019,5.898780487804879
"Noel,Nerlens",2018,5.316666666666667
"Noel,Nerlens",2019,4.541358024691357
"Noel,Nerlens",2020,6.700909090909092
"Nogueira,Lucas",2018,3.0
"Norvell,Zach",2020,1.6250000000000002
"Nowell,Jaylen",2020,1.5321428571428573
"Nowitzki,Dirk",2018,6.285064935064936
"Nowitzki,Dirk",2019,2.2070000000000003
"Ntilikina,Frank",2018,4.290384615384617
"Ntilikina,Frank",2019,3.2220930232558143
"Ntilikina,Frank",2020,4.460714285714287
"Nunn,Kendrick",2020,7.523387096774195
"Nunnally,James",2019,0.8
"Nurkić,Jusuf",2018,9.26686746987952
"Nurkić,Jusuf",2019,11.86597222222223
"Nwaba,David",2018,5.202857142857141
"Nwaba,David",2019,3.809183673469389
"Nwaba,David",2020,3.0374999999999996
"O'Bryant,Johnny",2018,1.9428571428571428
"O'Neale,Royce",2018,4.004000000000001
"O'Neale,Royce",2019,4.161764705882353
"O'Neale,Royce",2020,5.05390625
"O'Quinn,Kyle",2018,6.652597402597403
"O'Quinn,Kyle",2019,3.1300000000000003
"O'Quinn,Kyle",2020,4.028260869565218
"Ojeleye,Semi",2018,1.4853333333333334
"Ojeleye,Semi",2019,1.8909999999999996
"Ojeleye,Semi",2020,2.0462264150943397
"Okafor,Emeka",2018,3.659259259259259
"Okafor,Jahlil",2018,3.2285714285714286
"Okafor,Jahlil",2019,5.684905660377359
"Okafor,Jahlil",2020,5.701851851851853
"Okobo,Elie",2019,3.692307692307693
"Okobo,Elie",2020,3.3156250000000003
"Okogie,Josh",2019,4.079166666666667
"Okogie,Josh",2020,6.0798387096774205
"Okpala,KZ",2020,3.3249999999999997
"Oladipo,Victor",2018,14.353048780487796
"Oladipo,Victor",2019,11.03888888888889
"Oladipo,Victor",2020,7.142307692307693
"Olynyk,Kelly",2018,8.498750000000001
"Olynyk,Kelly",2019,6.729746835443038
"Olynyk,Kelly",2020,5.7105263157894735
"Oni,Miye",2020,0.5333333333333333
"Onuaku,Chinanu",2018,2.35
"Osman,Cedi",2018,2.525892857142857
"Osman,Cedi",2019,6.7407894736842096
"Osman,Cedi",2020,6.222307692307692
"Oubre,Kelly",2018,5.385057471264369
"Oubre,Kelly",2019,7.612318840579708
"Oubre,Kelly",2020,8.867857142857142
"Owens,Tariq",2020,0.46666666666666673
"Pachulia,Zaza",2018,4.798
"Pachulia,Zaza",2019,3.4275362318840585
"Paige,Marcus",2018,0.5400000000000004
"Papagiannis,Georgios",2018,2.0666666666666673
"Pargo,Jeremy",2020,4.083333333333334
"Parker,Jabari",2018,7.061842105263157
"Parker,Jabari",2019,9.130468750000002
"Parker,Jabari",2020,8.589393939393942
"Parker,Tony",2018,4.477500000000002
"Parker,Tony",2019,5.213392857142857
"Parsons,Chandler",2018,4.858333333333333
"Parsons,Chandler",2019,4.090000000000001
"Parsons,Chandler",2020,2.475
"Paschall,Eric",2020,7.3933333333333335
"Pasečņiks,Anžejs",2020,4.147619047619047
"Patterson,Patrick",2018,2.8530120481927703
"Patterson,Patrick",2019,2.285593220338983
"Patterson,Patrick",2020,2.6489999999999996
"Patton,Justin",2018,0.8
"Patton,Justin",2019,0.7500000000000001
"Patton,Justin",2020,0.74
"Paul,Brandon",2018,2.0811111111111105
"Paul,Chris",2018,13.548630136986306
"Paul,Chris",2019,12.923913043478258
"Paul,Chris",2020,12.626190476190477
"Payne,Adreian",2018,4.183333333333333
"Payne,Cameron",2018,6.636
"Payne,Cameron",2019,4.4051282051282055
"Payton,Elfrid",2018,10.302380952380952
"Payton,Elfrid",2019,10.460714285714285
"Payton,Elfrid",2020,9.367777777777778
"Payton,Gary",2018,1.67
"Payton,Gary",2019,3.4666666666666672
"Payton,Gary",2020,4.016000000000001
"Pelle,Norvel",2020,2.6599999999999993
"Perkins,Kendrick",2018,3.2499999999999996
"Perrantes,London",2018,-0.22499999999999987
"Peters,Alec",2018,1.978947368421053
"Pinson,Theo",2019,3.3027777777777785
"Pinson,Theo",2020,2.3316666666666657
"Plumlee,Marshall",2018,2.2199999999999998
"Plumlee,Mason",2018,6.343918918918918
"Plumlee,Mason",2019,6.910937499999997
"Plumlee,Mason",2020,6.392452830188681
"Plumlee,Miles",2018,4.28425925925926
"Plumlee,Miles",2019,4.321428571428571
"Poirier,Vincent",2020,1.2474999999999998
"Pondexter,Quincy",2018,1.0361111111111114
"Pondexter,Quincy",2019,1.746153846153846
"Ponds,Shamorie",2020,0.9333333333333332
"Poole,Jordan",2020,3.835087719298246
"Porter,Kevin",2020,5.832000000000001
"Porter,Michael",2020,4.616666666666666
"Porter,Otto",2018,9.216463414634148
"Porter,Otto",2019,8.557142857142857
"Porter,Otto",2020,5.978571428571429
"Portis,Bobby",2018,7.987671232876712
"Portis,Bobby",2019,7.763999999999999
"Portis,Bobby",2020,5.672727272727272
"Porziņģis,Kristaps",2018,10.080208333333335
"Porziņģis,Kristaps",2020,10.330392156862745
"Powell,Dwight",2018,6.208860759493672
"Powell,Dwight",2019,7.016883116883119
"Powell,Dwight",2020,6.9887500000000005
"Powell,Norman",2018,2.816901408450704
"Powell,Norman",2019,4.576543209876543
"Powell,Norman",2020,9.039772727272728
"Poythress,Alex",2018,0.6058823529411764
"Poythress,Alex",2019,3.702777777777778
"Pullen,Jacob",2018,0.9999999999999999
"Purvis,Rodney",2018,1.3687500000000004
"Pöltl,Jakob",2018,5.406043956043956
"Pöltl,Jakob",2019,5.525
"Pöltl,Jakob",2020,5.796551724137932
"Qi,Zhou",2018,0.9437500000000001
"Qi,Zhou",2019,1.0
"Quarterman,Tim",2018,2.5999999999999996
"Rabb,Ivan",2018,5.315
"Rabb,Ivan",2019,4.32608695652174
"Randle,Chasson",2019,3.2030612244897956
"Randle,Chasson",2020,0.9833333333333334
"Randle,Julius",2018,10.482926829268292
"Randle,Julius",2019,12.82945205479452
"Randle,Julius",2020,11.796875000000004
"Randolph,Zach",2018,8.295762711864407
"Rathan-Mayes,Xavier",2018,2.45
"Reaves,Josh",2020,-0.7
"Reddish,Cam",2020,5.64396551724138
"Redick,J.J.",2018,8.428125000000003
"Redick,J.J.",2019,8.06590909090909
"Redick,J.J.",2020,7.618867924528302
"Reed,Davon",2018,1.4650000000000003
"Reed,Davon",2019,1.116666666666667
"Reed,Willie",2018,3.463513513513513
"Reid,Naz",2020,4.375000000000001
"Reynolds,Cameron",2019,2.2394736842105267
"Richardson,Josh",2018,8.08081395348837
"Richardson,Josh",2019,8.37945205479452
"Richardson,Josh",2020,7.6138297872340415
"Richardson,Malachi",2018,1.2980000000000005
"Richardson,Malachi",2019,0.9964285714285716
"Rivers,Austin",2018,7.763114754098359
"Rivers,Austin",2019,3.51453488372093
"Rivers,Austin",2020,3.9932203389830514
"Roberson,Andre",2018,5.023076923076922
"Robinson,Devin",2018,1.9
"Robinson,Devin",2019,3.9357142857142864
"Robinson,Duncan",2019,2.0
"Robinson,Duncan",2020,6.996093749999999
"Robinson,Glenn",2018,2.3458333333333337
"Robinson,Glenn",2019,2.0363636363636357
"Robinson,Glenn",2020,6.699166666666668
"Robinson,Jerome",2019,1.627941176470588
"Robinson,Jerome",2020,2.155208333333333
"Robinson,Justin",2020,2.3400000000000003
"Robinson,Mitchell",2019,6.613636363636362
"Robinson,Mitchell",2020,7.9229508196721286
"Roby,Isaiah",2020,0.050000000000000044
"Rondo,Rajon",2018,10.17972972972973
"Rondo,Rajon",2019,10.011956521739132
"Rondo,Rajon",2020,6.827083333333332
"Rose,Derrick",2018,4.558333333333333
"Rose,Derrick",2019,9.022549019607844
"Rose,Derrick",2020,10.700000000000003
"Ross,Terrence",2018,4.989583333333334
"Ross,Terrence",2019,7.1808139534883715
"Ross,Terrence",2020,6.542063492063492
"Rozier,Terry",2018,7.307070707070707
"Rozier,Terry",2019,5.343181818181818
"Rozier,Terry",2020,10.171428571428573
"Rubio,Ricky",2018,9.982530120481927
"Rubio,Ricky",2019,9.539726027397263
"Rubio,Ricky",2020,11.73684210526316
"Russell,D'Angelo",2018,9.729166666666668
"Russell,D'Angelo",2019,12.612209302325585
"Russell,D'Angelo",2020,13.464444444444446
"Sabonis,Domantas",2018,7.764197530864195
"Sabonis,Domantas",2019,10.42051282051282
"Sabonis,Domantas",2020,14.140322580645162
"Sampson,Brandon",2019,3.1461538461538465
"Sampson,JaKarr",2018,3.2400000000000007
"Sampson,JaKarr",2019,10.675
"Sampson,JaKarr",2020,2.5477272727272724
"Satoranský,Tomáš",2018,6.043589743589743
"Satoranský,Tomáš",2019,7.796875000000003
"Satoranský,Tomáš",2020,8.593076923076922
"Schofield,Admiral",2020,1.5299999999999998
"Schröder,Dennis",2018,10.377611940298507
"Schröder,Dennis",2019,7.744047619047616
"Schröder,Dennis",2020,10.17380952380952
"Scott,Mike",2018,4.757317073170735
"Scott,Mike",2019,2.9833333333333334
"Scott,Mike",2020,3.207258064516129
"Sefolosha,Thabo",2018,5.7368421052631575
"Sefolosha,Thabo",2019,2.8907407407407413
"Sefolosha,Thabo",2020,2.4544117647058825
"Selden,Wayne",2018,5.024285714285714
"Selden,Wayne",2019,3.4006756756756755
"Sessions,Ramon",2018,3.81
"Sexton,Collin",2019,7.364024390243904
"Sexton,Collin",2020,9.917692307692308
"Shamet,Landry",2019,4.210588235294118
"Shamet,Landry",2020,4.282978723404255
"Shayok,Marial",2020,1.9000000000000004
"Shumpert,Iman",2018,3.392857142857143
"Shumpert,Iman",2019,3.9231884057971014
"Shumpert,Iman",2020,2.4730769230769236
"Siakam,Pascal",2018,4.988888888888889
"Siakam,Pascal",2019,10.50192307692308
"Siakam,Pascal",2020,12.416037735849056
"Sibert,Jordan",2019,1.9999999999999998
"Silas,Xavier",2018,-0.29999999999999993
"Silva,Chris",2020,3.858928571428571
"Simmons,Ben",2018,14.887362637362637
"Simmons,Ben",2019,14.92197802197802
"Simmons,Ben",2020,15.987037037037041
"Simmons,Jonathon",2018,7.494202898550725
"Simmons,Jonathon",2019,3.5131147540983605
"Simmons,Kobi",2018,3.7354838709677423
"Simmons,Kobi",2019,0.0
"Simons,Anfernee",2019,1.3956521739130432
"Simons,Anfernee",2020,3.472307692307693
"Singler,Kyle",2018,0.48888888888888904
"Smailagić,Alen",2020,3.1107142857142853
"Smart,Marcus",2018,7.789130434782609
"Smart,Marcus",2019,7.527439024390244
"Smart,Marcus",2020,8.725471698113207
"Smith,Dennis",2018,8.657246376811594
"Smith,Dennis",2019,8.791509433962268
"Smith,Dennis",2020,3.923529411764706
"Smith,Ish",2018,6.510365853658538
"Smith,Ish",2019,4.566101694915257
"Smith,Ish",2020,6.989999999999998
"Smith,J.R.",2018,4.455882352941177
"Smith,J.R.",2019,3.254545454545455
"Smith,Jason",2018,1.3379310344827589
"Smith,Jason",2019,2.16
"Smith,Josh",2018,0.15000000000000002
"Smith,Zhaire",2019,3.4857142857142853
"Smith,Zhaire",2020,0.36000000000000004
"Snell,Tony",2018,3.467073170731708
"Snell,Tony",2019,3.0006578947368423
"Snell,Tony",2020,4.4862068965517246
"Spalding,Ray",2019,3.246153846153846
"Speights,Marreese",2018,3.327551020408163
"Spellman,Omari",2019,4.298913043478262
"Spellman,Omari",2020,5.619791666666668
"Stauskas,Nik",2018,3.068571428571429
"Stauskas,Nik",2019,3.3873134328358208
"Stephens,D.J.",2019,2.3000000000000003
"Stephenson,Lance",2018,5.75561797752809
"Stephenson,Lance",2019,4.959230769230769
"Stockton,David",2018,1.0500000000000003
"Stone,Julyan",2018,2.2950000000000004
"Strus,Max",2020,2.0
"Sumner,Edmond",2019,1.5763157894736848
"Sumner,Edmond",2020,2.8220000000000005
"Swanigan,Caleb",2018,1.7456521739130435
"Swanigan,Caleb",2019,1.830952380952381
"Swanigan,Caleb",2020,3.1555555555555563
"Tatum,Jayson",2018,8.240404040404039
"Tatum,Jayson",2019,8.53125
"Tatum,Jayson",2020,12.644067796610171
"Taylor,Isaiah",2018,4.052307692307693
"Teague,Jeff",2018,10.474666666666668
"Teague,Jeff",2019,9.707142857142857
"Teague,Jeff",2020,7.8635593220338995
"Teague,Marquis",2018,3.2500000000000004
"Teletović,Mirza",2018,4.120000000000001
"Temple,Garrett",2018,4.956250000000001
"Temple,Garrett",2019,3.98641975308642
"Temple,Garrett",2020,5.619090909090912
"Teodosić,Miloš",2018,7.3211111111111125
"Teodosić,Miloš",2019,3.167857142857143
"Terrell,Jared",2019,0.880769230769231
"Terry,Emanuel",2019,3.166666666666666
"Terry,Jason",2018,2.7739583333333333
"Theis,Daniel",2018,4.527118644067796
"Theis,Daniel",2019,3.6161764705882367
"Theis,Daniel",2020,6.742241379310344
"Thomas,Isaiah",2018,8.334375000000003
"Thomas,Isaiah",2019,3.1583333333333337
"Thomas,Isaiah",2020,6.350000000000002
"Thomas,Khyri",2019,0.7961538461538464
"Thomas,Khyri",2020,0.7999999999999999
"Thomas,Lance",2018,2.2340579710144928
"Thomas,Lance",2019,1.8923913043478258
"Thomas,Matt",2020,2.7913793103448277
"Thompson,Klay",2018,9.907446808510638
"Thompson,Klay",2019,9.893434343434343
"Thompson,Tristan",2018,5.018382352941176
"Thompson,Tristan",2019,9.081395348837209
"Thompson,Tristan",2020,9.745614035087721
"Thornwell,Sindarius",2018,2.8231343283582087
"Thornwell,Sindarius",2019,1.0797619047619045
"Thybulle,Matisse",2020,3.7912280701754373
"Tolliver,Anthony",2018,5.193037974683544
"Tolliver,Anthony",2019,3.15
"Tolliver,Anthony",2020,2.554444444444444
"Toscano-Anderson,Juan",2020,4.823076923076923
"Towns,Karl-Anthony",2018,14.147701149425284
"Towns,Karl-Anthony",2019,16.706493506493512
"Towns,Karl-Anthony",2020,17.80285714285714
"Trent,Gary",2019,0.5769230769230771
"Trent,Gary",2020,3.7117647058823526
"Trier,Allonzo",2019,5.959375
"Trier,Allonzo",2020,3.4562499999999994
"Tucker,P.J.",2018,5.126020408163266
"Tucker,P.J.",2019,6.132258064516128
"Tucker,P.J.",2020,6.284920634920635
"Tucker,Rayjon",2020,0.6222222222222223
"Turner,Evan",2018,4.679268292682926
"Turner,Evan",2019,5.445454545454544
"Turner,Evan",2020,3.3421052631578947
"Turner,Myles",2018,7.593055555555555
"Turner,Myles",2019,8.54871794871795
"Turner,Myles",2020,7.638181818181818
"Udoh,Ekpe",2018,3.1803571428571424
"Udoh,Ekpe",2019,2.5215909090909085
"Ulis,Tyler",2018,5.716428571428572
"Uthoff,Jarrod",2020,-0.49999999999999967
"Valančiūnas,Jonas",2018,9.00632183908046
"Valančiūnas,Jonas",2019,9.691836734693878
"Valančiūnas,Jonas",2020,11.220161290322581
"Valentine,Denzel",2018,6.500649350649351
"Valentine,Denzel",2020,3.5457142857142854
"VanVleet,Fred",2018,5.491358024691357
"VanVleet,Fred",2019,6.415340909090906
"VanVleet,Fred",2020,11.610416666666664
"Vanderbilt,Jarred",2019,1.85
"Vanderbilt,Jarred",2020,1.9
"Vaughn,Rashad",2018,1.7166666666666666
"Vincent,Gabe",2020,-0.03333333333333292
"Vonleh,Noah",2018,3.816666666666667
"Vonleh,Noah",2019,6.915441176470588
"Vonleh,Noah",2020,3.745161290322581
"Vučević,Nikola",2018,10.590350877192982
"Vučević,Nikola",2019,13.821764705882355
"Vučević,Nikola",2020,11.78148148148148
"Wade,Dean",2020,2.28125
"Wade,Dwyane",2018,7.299305555555555
"Wade,Dwyane",2019,8.729166666666664
"Wagner,Moritz",2019,2.7560975609756104
"Wagner,Moritz",2020,6.360810810810811
"Waiters,Dion",2018,7.036666666666667
"Waiters,Dion",2019,6.2250000000000005
"Waiters,Dion",2020,4.250000000000001
"Walker,Kemba",2018,12.253125
"Walker,Kemba",2019,13.71951219512195
"Walker,Kemba",2020,11.810000000000004
"Walker,Lonnie",2019,1.447058823529412
"Walker,Lonnie",2020,2.866346153846154
"Wall,John",2018,14.767021276595747
"Wall,John",2019,14.1515625
"Wallace,Tyrone",2018,5.587931034482759
"Wallace,Tyrone",2019,1.6438596491228075
"Wallace,Tyrone",2020,1.5583333333333336
"Waller-Prince,Taurean",2018,8.803658536585367
"Waller-Prince,Taurean",2019,7.495454545454548
"Waller-Prince,Taurean",2020,6.871875
"Walton,Derrick",2018,1.9583333333333337
"Walton,Derrick",2020,1.8199999999999998
"Wanamaker,Brad",2019,2.7791666666666663
"Wanamaker,Brad",2020,4.517460317460317
"Warney,Jameel",2018,2.8666666666666667
"Warren,T.J.",2018,8.283076923076921
"Warren,T.J.",2019,8.168604651162791
"Warren,T.J.",2020,8.556557377049181
"Washburn,Julian",2019,2.446428571428572
"Washington,P.J.",2020,7.293103448275863
"Watanabe,Yuta",2019,0.9433333333333335
"Watanabe,Yuta",2020,1.075
"Waters,Tremont",2020,2.344444444444445
"Watson,Paul",2020,-0.14999999999999977
"Wear,Travis",2018,1.5000000000000004
"Weatherspoon,Quinndary",2020,-0.6499999999999999
"Webb,James",2018,0.9800000000000001
"Weber,Briante",2018,3.49375
"Welsh,Thomas",2019,1.81
"West,David",2018,5.081666666666668
"Westbrook,Russell",2018,18.749999999999996
"Westbrook,Russell",2019,17.50769230769231
"Westbrook,Russell",2020,16.49528301886793
"White,Andrew",2018,1.9433333333333336
"White,Coby",2020,6.473076923076925
"White,Derrick",2018,3.0307692307692307
"White,Derrick",2019,7.4116438356164425
"White,Derrick",2020,6.695901639344263
"White,Okaro",2018,2.07
"White,Okaro",2019,-0.19999999999999998
"Whitehead,Isaiah",2018,3.756250000000001
"Whiteside,Hassan",2018,9.990677966101698
"Whiteside,Hassan",2019,9.50138888888889
"Whiteside,Hassan",2020,13.655737704918037
"Wiggins,Andrew",2018,7.559770114942527
"Wiggins,Andrew",2019,7.903424657534249
"Wiggins,Andrew",2020,10.825925925925924
"Wiley,Jacob",2018,1.475
"Wilkins,Damien",2018,0.9535714285714286
"Williams,Alan",2018,3.81
"Williams,Alan",2019,3.8249999999999997
"Williams,C.J.",2018,3.1044117647058824
"Williams,C.J.",2019,1.7958333333333336
"Williams,Derrick",2018,-0.7999999999999998
"Williams,Grant",2020,2.6000000000000005
"Williams,Johnathan",2019,3.9804347826086954
"Williams,Johnathan",2020,4.425000000000001
"Williams,Kenrich",2019,5.039534883720929
"Williams,Kenrich",2020,3.6560606060606067
"Williams,Lou",2018,12.585443037974686
"Williams,Lou",2019,10.877160493827159
"Williams,Lou",2020,10.898333333333332
"Williams,Marvin",2018,6.227564102564103
"Williams,Marvin",2019,5.9479999999999995
"Williams,Marvin",2020,3.7528846153846165
"Williams,Matt",2018,0.33333333333333326
"Williams,Robert",2019,3.4961538461538453
"Williams,Robert",2020,5.379545454545454
"Williams,Troy",2018,4.171428571428572
"Williams,Troy",2019,2.6238095238095234
"Williams-Goss,Nigel",2020,0.9666666666666668
"Williamson,Zion",2020,13.726315789473684
"Wilson,D.J.",2018,1.1375
"Wilson,D.J.",2019,3.722115384615385
"Wilson,D.J.",2020,1.8982758620689655
"Wilson,Jamil",2018,3.6214285714285728
"Winslow,Justise",2018,5.467808219178082
"Winslow,Justise",2019,8.414393939393936
"Winslow,Justise",2020,6.486363636363637
"Withey,Jeff",2018,0.7277777777777779
"Wolters,Nate",2018,-0.2499999999999999
"Wood,Christian",2019,5.1125
"Wood,Christian",2020,8.7241935483871
"Wright,Brandan",2018,3.621428571428571
"Wright,Delon",2018,6.382911392405064
"Wright,Delon",2019,6.465540540540539
"Wright,Delon",2020,6.969047619047618
"Yabusele,Guerschon",2018,1.5125
"Yabusele,Guerschon",2019,1.8083333333333336
"Young,James",2018,0.6000000000000002
"Young,Joe",2018,2.061
"Young,Nick",2018,2.5786458333333346
"Young,Nick",2019,0.8999999999999999
"Young,Thaddeus",2018,8.171022727272728
"Young,Thaddeus",2019,9.18764705882353
"Young,Thaddeus",2020,7.112499999999998
"Young,Trae",2019,13.282098765432101
"Young,Trae",2020,19.12333333333333
"Zeller,Cody",2018,5.206060606060606
"Zeller,Cody",2019,7.467346938775509
"Zeller,Cody",2020,7.5732758620689635
"Zeller,Tyler",2018,4.233098591549296
"Zeller,Tyler",2019,3.650000000000001
"Zipser,Paul",2018,2.1377358490566034
"Zubac,Ivica",2018,3.3529411764705874
"Zubac,Ivica",2019,6.2606557377049175
"Zubac,Ivica",2020,6.437499999999999
"Čančar,Vlatko",2020,1.3857142857142857
"İlyasova,Ersan",2018,6.537341772151898
"İlyasova,Ersan",2019,3.9085365853658542
"İlyasova,Ersan",2020,4.546363636363637
"Šamanić,Luka",2020,-0.6999999999999998
"Šarić,Dario",2018,9.752298850574714
"Šarić,Dario",2019,6.3432098765432094
"Šarić,Dario",2020,6.794736842105261
"Žižić,Ante",2018,2.7200000000000006
"Žižić,Ante",2019,5.283620689655172
"Žižić,Ante",2020,3.0125
