Name,Season,WP_MEAN
"Abrines,Álex",2018,0.04817531356964094
"Abrines,Álex",2019,0.059530709015065394
"Acy,Quincy",2018,0.0646942562708449
"Acy,Quincy",2019,0.021314405738599527
"Adams,Jaylen",2019,0.040014004003295606
"Adams,Steven",2018,0.0973915934882972
"Adams,Steven",2019,0.10664258383441368
"Adams,Steven",2020,0.0944813140665795
"Adebayo,Bam",2018,0.06177657486651886
"Adebayo,Bam",2019,0.07935010344913818
"Adebayo,Bam",2020,0.1603519943467057
"Adel,Deng",2019,0.032447933555099895
"Afflalo,Arron",2018,0.03891699851574878
"Akoon-Purcell,DeVaughn",2019,0.018693433967456884
"Aldrich,Cole",2018,0.0104310717301871
"Aldridge,LaMarcus",2018,0.2227493975952405
"Aldridge,LaMarcus",2019,0.20704994200432783
"Aldridge,LaMarcus",2020,0.19246548221495763
"Alexander-Walker,Nickeil",2020,0.07021472522572861
"Alkins,Rawle",2019,0.047991361197987595
"Allen,Grayson",2019,0.06569797420546984
"Allen,Grayson",2020,0.07630153052644222
"Allen,Jarrett",2018,0.07009779882205701
"Allen,Jarrett",2019,0.09840477220106403
"Allen,Jarrett",2020,0.08735805782380685
"Allen,Kadeem",2018,0.028576369728510305
"Allen,Kadeem",2019,0.10024149946608954
"Allen,Kadeem",2020,0.05661343315157572
"Allen,Tony",2018,0.04358500111194928
"Aminu,Al-Farouq",2018,0.10796191654420464
"Aminu,Al-Farouq",2019,0.0950303222569078
"Aminu,Al-Farouq",2020,0.05640476584522675
"Anderson,Justin",2018,0.05741917441046452
"Anderson,Justin",2019,0.04389645886984222
"Anderson,Justin",2020,0.021904141039815028
"Anderson,Kyle",2018,0.08021923744879139
"Anderson,Kyle",2019,0.08186090483965303
"Anderson,Kyle",2020,0.0599260585889215
"Anderson,Ryan",2018,0.07988952489184119
"Anderson,Ryan",2019,0.034900112086487974
"Anderson,Ryan",2020,0.04346208292193854
"Anigbogu,Ike",2018,0.016240555946008622
"Anigbogu,Ike",2019,0.015017432882397347
"Antetokounmpo,Giannis",2018,0.26851482741823984
"Antetokounmpo,Giannis",2019,0.2721980575654272
"Antetokounmpo,Giannis",2020,0.298196191891427
"Antetokounmpo,Kostas",2019,0.026419465723910344
"Antetokounmpo,Thanasis",2020,0.026330755841418134
"Anthony,Carmelo",2018,0.18169762114846089
"Anthony,Carmelo",2019,0.14431968910970466
"Anthony,Carmelo",2020,0.16668672920791042
"Anunoby,OG",2018,0.05756295504368559
"Anunoby,OG",2019,0.06898688365493248
"Anunoby,OG",2020,0.10514301146546927
"Arcidiacono,Ryan",2018,0.027909355945746995
"Arcidiacono,Ryan",2019,0.06629979402867713
"Arcidiacono,Ryan",2020,0.046102681546105535
"Ariza,Trevor",2018,0.11978973204343253
"Ariza,Trevor",2019,0.14146019882214567
"Ariza,Trevor",2020,0.08410578613869855
"Arthur,Darrell",2018,0.035347765489251684
"Artis,Jamel",2018,0.0681069325464838
"Augustin,D.J.",2018,0.10450109898785655
"Augustin,D.J.",2019,0.1176489504628166
"Augustin,D.J.",2020,0.11554663046994998
"Ayton,Deandre",2019,0.1443818839182991
"Ayton,Deandre",2020,0.1784417859365949
"Aşık,Ömer",2018,0.018414789360971493
"Babbitt,Luke",2018,0.055511541927429055
"Bacon,Dwayne",2018,0.053723501113840784
"Bacon,Dwayne",2019,0.08199002134101772
"Bacon,Dwayne",2020,0.07924759109958093
"Bagley,Marvin",2019,0.144524579971197
"Bagley,Marvin",2020,0.14441202953093601
"Baker,Ron",2018,0.0356721603590297
"Baker,Ron",2019,0.01709123955426544
"Baldwin,Wade",2018,0.04104170381262439
"Baldwin,Wade",2019,0.031458592393593755
"Ball,Lonzo",2018,0.13490568756603538
"Ball,Lonzo",2019,0.11582678648577367
"Ball,Lonzo",2020,0.14624089256439596
"Bamba,Mohamed",2019,0.0641139267854107
"Bamba,Mohamed",2020,0.0551127254167653
"Barea,J.J.",2018,0.13199294284897653
"Barea,J.J.",2019,0.1284632233690362
"Barea,J.J.",2020,0.08526090079505479
"Barnes,Harrison",2018,0.20566589253999884
"Barnes,Harrison",2019,0.17687732409418847
"Barnes,Harrison",2020,0.15164654451975726
"Barrett,RJ",2020,0.16894786607700918
"Barton,Will",2018,0.16853889394607272
"Barton,Will",2019,0.1287737583595127
"Barton,Will",2020,0.16000450049296056
"Bates-Diop,Keita",2019,0.06218594956126982
"Bates-Diop,Keita",2020,0.07334808684544518
"Batum,Nicolas",2018,0.1352028538499779
"Batum,Nicolas",2019,0.10012552214840319
"Batum,Nicolas",2020,0.041756965632176
"Bayless,Jerryd",2018,0.0795507311312614
"Bayless,Jerryd",2019,0.08026568685724485
"Baynes,Aron",2018,0.05499766526653502
"Baynes,Aron",2019,0.042925900288760296
"Baynes,Aron",2020,0.10414375753503209
"Bazemore,Kent",2018,0.14809017811391703
"Bazemore,Kent",2019,0.133700290634166
"Bazemore,Kent",2020,0.10169771118476609
"Bazley,Darius",2020,0.060141185546525526
"Beal,Bradley",2018,0.24228965920636486
"Beal,Bradley",2019,0.2640837792773664
"Beal,Bradley",2020,0.3202623154206697
"Beasley,Malik",2018,0.04393351587435231
"Beasley,Malik",2019,0.10900782106312748
"Beasley,Malik",2020,0.12386622424342274
"Beasley,Michael",2018,0.13816342344715
"Beasley,Michael",2019,0.07552334712405653
"Belinelli,Marco",2018,0.12909000903715778
"Belinelli,Marco",2019,0.10932958882233738
"Belinelli,Marco",2020,0.06726726463902737
"Bell,Jordan",2018,0.04227064845651996
"Bell,Jordan",2019,0.03735243914653629
"Bell,Jordan",2020,0.03171683400756761
"Bembry,DeAndre'",2018,0.06853332933416362
"Bembry,DeAndre'",2019,0.09502395871341353
"Bembry,DeAndre'",2020,0.0656444863531583
"Bender,Dragan",2018,0.0771636033664399
"Bender,Dragan",2019,0.05566465545445438
"Bender,Dragan",2020,0.0676519435294648
"Bertāns,Dairis",2019,0.043913053932014695
"Bertāns,Dāvis",2018,0.06627540701161988
"Bertāns,Dāvis",2019,0.07817274637854756
"Bertāns,Dāvis",2020,0.15334949888899901
"Beverley,Patrick",2018,0.12913592142599908
"Beverley,Patrick",2019,0.076655705092333
"Beverley,Patrick",2020,0.07961227471350192
"Birch,Khem",2018,0.03774745962887442
"Birch,Khem",2019,0.036973395123307676
"Birch,Khem",2020,0.031656080204835686
"Bird,Jabari",2018,0.04696020890000924
"Bitadze,Goga",2020,0.039854021546323226
"Biyombo,Bismack",2018,0.055174025025733604
"Biyombo,Bismack",2019,0.03701245820387903
"Biyombo,Bismack",2020,0.06436832411360699
"Bjelica,Nemanja",2018,0.06528698097284812
"Bjelica,Nemanja",2019,0.09084180253702079
"Bjelica,Nemanja",2020,0.11190714322903839
"Black,Tarik",2018,0.02913290928649039
"Blakeney,Antonio",2018,0.09356507119567166
"Blakeney,Antonio",2019,0.09225669748931692
"Bledsoe,Eric",2018,0.18557387111136678
"Bledsoe,Eric",2019,0.16516349742069922
"Bledsoe,Eric",2020,0.16350575614897253
"Blossomgame,Jaron",2019,0.04605045177221288
"Blue,Vander",2018,0.013079141069271988
"Bogdanović,Bogdan",2018,0.12551577343134823
"Bogdanović,Bogdan",2019,0.15565020819464145
"Bogdanović,Bogdan",2020,0.1564505978772429
"Bogdanović,Bojan",2018,0.14475332920429315
"Bogdanović,Bojan",2019,0.18165474775182253
"Bogdanović,Bojan",2020,0.21098728871037392
"Bogut,Andrew",2018,0.01192335594253634
"Bogut,Andrew",2019,0.02835568763444762
"Bolden,Jonah",2019,0.0397057076147631
"Bolden,Jonah",2020,0.016692673349708694
"Bolomboy,Joel",2018,0.010724869937490254
"Bone,Jordan",2020,0.021334964262163587
"Bonga,Isaac",2019,0.019020727018234637
"Bonga,Isaac",2020,0.035595198411603045
"Booker,Devin",2018,0.27024619118372273
"Booker,Devin",2019,0.27749140182976606
"Booker,Devin",2020,0.26626961182316883
"Booker,Trevor",2018,0.051635002939625876
"Boucher,Chris",2019,0.034384311061322885
"Boucher,Chris",2020,0.06007454615993963
"Bowen,Brian",2020,0.01816548908405415
"Bowman,Ky",2020,0.08667614016787405
"Bradley,Avery",2018,0.16566573391626618
"Bradley,Avery",2019,0.10803459663208974
"Bradley,Avery",2020,0.08965388526186005
"Bradley,Tony",2018,0.012599746944570632
"Bradley,Tony",2019,0.04223094624276441
"Bradley,Tony",2020,0.028962439721438204
"Brantley,Jarrell",2020,0.004723206609939335
"Brazdeikis,Ignas",2020,0.030281166444598006
"Brewer,Corey",2018,0.05367684329183201
"Brewer,Corey",2019,0.045039663008378736
"Bridges,Mikal",2019,0.08576654031491757
"Bridges,Mikal",2020,0.08244939995722315
"Bridges,Miles",2019,0.07984062169941666
"Bridges,Miles",2020,0.1435915205502851
"Briscoe,Isaiah",2019,0.045248819329080016
"Brissett,Oshae",2020,0.022414625449054645
"Broekhoff,Ryan",2019,0.04690298270867169
"Broekhoff,Ryan",2020,0.04832864077190142
"Brogdon,Malcolm",2018,0.12621725664174088
"Brogdon,Malcolm",2019,0.15134368998998715
"Brogdon,Malcolm",2020,0.18012109209901897
"Brooks,Aaron",2018,0.029319083255916346
"Brooks,Dillon",2018,0.11422156284044917
"Brooks,Dillon",2019,0.07846932406045676
"Brooks,Dillon",2020,0.16609587829208164
"Brooks,MarShon",2018,0.19966006241325635
"Brooks,MarShon",2019,0.06934039789937506
"Brown,Anthony",2018,0.01847357243623955
"Brown,Bobby",2018,0.03912132283729581
"Brown,Bruce",2019,0.0463397566140889
"Brown,Bruce",2020,0.09582039993763597
"Brown,Charlie",2020,0.030476176446116512
"Brown,Jaylen",2018,0.1571911713404465
"Brown,Jaylen",2019,0.13445855658094036
"Brown,Jaylen",2020,0.20608466046639762
"Brown,Lorenzo",2018,0.03579673832938831
"Brown,Lorenzo",2019,0.03997537699595783
"Brown,Markel",2018,0.03889225485448668
"Brown,Moses",2020,0.01728289858969675
"Brown,Sterling",2018,0.04477236215553321
"Brown,Sterling",2019,0.06624796530484706
"Brown,Sterling",2020,0.06423240874455585
"Brown,Troy",2019,0.056958890103639366
"Brown,Troy",2020,0.1017019813027615
"Brunson,Jalen",2019,0.10267218528956581
"Brunson,Jalen",2020,0.0865649645575543
"Brussino,Nicolás",2018,0.007358473045785956
"Bryant,Thomas",2018,0.026225454242868207
"Bryant,Thomas",2019,0.09281720201835189
"Bryant,Thomas",2020,0.10454746871318923
"Bullock,Reggie",2018,0.1118255827580811
"Bullock,Reggie",2019,0.12060416655464173
"Bullock,Reggie",2020,0.08731866629959172
"Burke,Trey",2018,0.13162537484656087
"Burke,Trey",2019,0.11783009010375575
"Burke,Trey",2020,0.0599467958305129
"Burks,Alec",2018,0.09125520971836644
"Burks,Alec",2019,0.10482153944161872
"Burks,Alec",2020,0.16330556757026718
"Burton,Deonte",2019,0.03486523218982212
"Burton,Deonte",2020,0.039720556609858605
"Butler,Jimmy",2018,0.22157452947425413
"Butler,Jimmy",2019,0.18984754701826656
"Butler,Jimmy",2020,0.20816546467167854
"Buycks,Dwight",2018,0.08996385797805051
"Caboclo,Bruno",2018,0.03741485487978157
"Caboclo,Bruno",2019,0.08382079604151023
"Caboclo,Bruno",2020,0.03351838565489525
"Calderón,José",2018,0.044862150653527444
"Calderón,José",2019,0.030774789784628588
"Caldwell-Pope,Kentavious",2018,0.14321762857490966
"Caldwell-Pope,Kentavious",2019,0.11768948387116211
"Caldwell-Pope,Kentavious",2020,0.09208620420778656
"Canaan,Isaiah",2018,0.09479461435772682
"Canaan,Isaiah",2019,0.06986289919801367
"Capela,Clint",2018,0.1189669817991015
"Capela,Clint",2019,0.12717688287510517
"Capela,Clint",2020,0.1204242643946457
"Carroll,DeMarre",2018,0.1412750734725214
"Carroll,DeMarre",2019,0.11601397544822306
"Carroll,DeMarre",2020,0.03632624201323632
"Carter,Jevon",2019,0.0573936732598247
"Carter,Jevon",2020,0.05079437654556583
"Carter,Vince",2018,0.06061619177130383
"Carter,Vince",2019,0.07670178420870712
"Carter,Vince",2020,0.059917521665883405
"Carter,Wendell",2019,0.10232302002491896
"Carter,Wendell",2020,0.09239420975454676
"Carter-Williams,Michael",2018,0.05461626771253614
"Carter-Williams,Michael",2019,0.06011694131934596
"Carter-Williams,Michael",2020,0.07393662151735361
"Caruso,Alex",2018,0.044417198734604334
"Caruso,Alex",2019,0.11785243700649287
"Caruso,Alex",2020,0.05991306886769631
"Casspi,Omri",2018,0.05501926230279501
"Casspi,Omri",2019,0.0627554972638075
"Cauley-Stein,Willie",2018,0.13164721047262276
"Cauley-Stein,Willie",2019,0.10880956960459247
"Cauley-Stein,Willie",2020,0.06698538873125015
"Caupain,Troy",2019,0.023504129788584197
"Cavanaugh,Tyler",2018,0.04517304875056578
"Cavanaugh,Tyler",2019,0.013974182255488923
"Chalmers,Mario",2018,0.0882769216141259
"Chandler,Tyson",2018,0.04668152628978659
"Chandler,Tyson",2019,0.02396437267369757
"Chandler,Tyson",2020,0.01306376199871809
"Chandler,Wilson",2018,0.10318852165868796
"Chandler,Wilson",2019,0.06006534930055691
"Chandler,Wilson",2020,0.06669120722405351
"Chealey,Joe",2019,0.025903649027104493
"Chealey,Joe",2020,0.02636562875963731
"Cheatham,Zylan",2020,0.017270232437049043
"Chiozza,Chris",2019,0.016922322857505633
"Chiozza,Chris",2020,0.047489240721275444
"Chriss,Marquese",2018,0.08591642572840179
"Chriss,Marquese",2019,0.046813265273852635
"Chriss,Marquese",2020,0.08656976732382078
"Clark,Gary",2019,0.03977094392857681
"Clark,Gary",2020,0.033768625404185675
"Clark,Ian",2018,0.08158986160053759
"Clark,Ian",2019,0.08246930196849775
"Clarke,Brandon",2020,0.10489473730037906
"Clarkson,Jordan",2018,0.132985286570326
"Clarkson,Jordan",2019,0.17965048910133738
"Clarkson,Jordan",2020,0.15359388030536014
"Clavell,Gian",2018,0.04077003212589822
"Claxton,Nicolas",2020,0.03906639229879436
"Clemons,Chris",2020,0.06090937193464566
"Cleveland,Antonius",2018,0.01995879064227868
"Cleveland,Antonius",2020,0.013081449838693249
"Coffey,Amir",2020,0.028151394687485783
"Collins,John",2018,0.09126627448683769
"Collins,John",2019,0.16508246426163906
"Collins,John",2020,0.19165855115357278
"Collins,Zach",2018,0.05319531668487808
"Collins,Zach",2019,0.06314948762750403
"Collins,Zach",2020,0.07767003172479879
"Collinsworth,Kyle",2018,0.04161641577747031
"Collison,Darren",2018,0.12345771481150535
"Collison,Darren",2019,0.11872546375026709
"Collison,Nick",2018,0.019806873448750376
"Colson,Bonzie",2019,0.06735875379586113
"Conley,Mike",2018,0.1940646209327458
"Conley,Mike",2019,0.2234812841189049
"Conley,Mike",2020,0.15226215591712958
"Connaughton,Pat",2018,0.054498546871413076
"Connaughton,Pat",2019,0.07048786714835398
"Connaughton,Pat",2020,0.05724428097242815
"Cook,Quinn",2018,0.08874815022722327
"Cook,Quinn",2019,0.07276731029485578
"Cook,Quinn",2020,0.055054273405992143
"Cook,Tyler",2020,0.012331794006628979
"Cooke,Charles",2018,0.013745715725722259
"Cooley,Jack",2018,0.0415150267447276
"Costello,Matt",2018,0.010750546103438001
"Cousins,DeMarcus",2018,0.27487600286962743
"Cousins,DeMarcus",2019,0.15517210583646152
"Covington,Robert",2018,0.1335649145213881
"Covington,Robert",2019,0.1409521915759034
"Covington,Robert",2020,0.13865278634133213
"Crabbe,Allen",2018,0.14283013927909732
"Crabbe,Allen",2019,0.10802588784523062
"Crabbe,Allen",2020,0.05406180189595095
"Craig,Torrey",2018,0.042243937333429515
"Craig,Torrey",2019,0.056085200546610224
"Craig,Torrey",2020,0.05001074429708856
"Crawford,Jamal",2018,0.11567461028364986
"Crawford,Jamal",2019,0.09725988888279383
"Crawford,Jordan",2018,0.07302073252400845
"Creek,Mitch",2019,0.035514198249466326
"Crowder,Jae",2018,0.10587272202724533
"Crowder,Jae",2019,0.12960191181160718
"Crowder,Jae",2020,0.11536210636809953
"Culver,Jarrett",2020,0.1044995620779869
"Cunningham,Dante",2018,0.05913744954518173
"Cunningham,Dante",2019,0.029985922122746686
"Curry,Seth",2019,0.07586009283941873
"Curry,Seth",2020,0.12112619938030755
"Curry,Stephen",2018,0.260083917522409
"Curry,Stephen",2019,0.2759813241241252
"Curry,Stephen",2020,0.23285514289874656
"Daniels,Troy",2018,0.09114359710393724
"Daniels,Troy",2019,0.06873613762459209
"Daniels,Troy",2020,0.04568225104054723
"Davis,Anthony",2018,0.2880122960190659
"Davis,Anthony",2019,0.26171945811920233
"Davis,Anthony",2020,0.2707458660522596
"Davis,Deyonta",2018,0.047811230747957685
"Davis,Deyonta",2019,0.028994428797816045
"Davis,Ed",2018,0.03871780992310022
"Davis,Ed",2019,0.03824790809500683
"Davis,Ed",2020,0.010096587198528795
"Davis,Terence",2020,0.07915684145753042
"Davis,Tyler",2019,0.0006360910597565921
"DeRozan,DeMar",2018,0.24553776058156365
"DeRozan,DeMar",2019,0.23156341484375645
"DeRozan,DeMar",2020,0.22190171372848677
"Dedmon,Dewayne",2018,0.09776735591520296
"Dedmon,Dewayne",2019,0.10361119145054926
"Dedmon,Dewayne",2020,0.06570417232758512
"Dekker,Sam",2018,0.04458366833607909
"Dekker,Sam",2019,0.06443925050720499
"Delaney,Malcolm",2018,0.07227579094063695
"Delgado,Ángel",2019,0.03230674662645855
"Dellavedova,Matthew",2018,0.045103107652050174
"Dellavedova,Matthew",2019,0.06790255532609031
"Dellavedova,Matthew",2020,0.038200320683114755
"Deng,Luol",2018,0.027584111445846486
"Deng,Luol",2019,0.06857421752571931
"Derrickson,Marcus",2019,0.033333450545258866
"DiVincenzo,Donte",2019,0.05518522744166062
"DiVincenzo,Donte",2020,0.09772216054227888
"Diallo,Cheick",2018,0.04601245608066959
"Diallo,Cheick",2019,0.05690622645573766
"Diallo,Cheick",2020,0.045763101909925004
"Diallo,Hamidou",2019,0.03731114262503666
"Diallo,Hamidou",2020,0.06468755998343052
"Dieng,Gorgui",2018,0.056291537098144315
"Dieng,Gorgui",2019,0.06277145563021223
"Dieng,Gorgui",2020,0.07553721640416179
"Dinwiddie,Spencer",2018,0.13969231692217748
"Dinwiddie,Spencer",2019,0.17222560125070152
"Dinwiddie,Spencer",2020,0.22529237709335473
"Dončić,Luka",2019,0.23878924444226246
"Dončić,Luka",2020,0.30612177154073517
"Dorsey,Tyler",2018,0.08826706168867926
"Dorsey,Tyler",2019,0.06862182484992632
"Dort,Luguentz",2020,0.06025689485534182
"Dotson,Damyean",2018,0.048737566846522064
"Dotson,Damyean",2019,0.1169045320015794
"Dotson,Damyean",2020,0.07536551059270258
"Doumbouya,Sekou",2020,0.07497553119843099
"Doyle,Milton",2018,0.04989058468446518
"Dozier,PJ",2018,0.011360172775061088
"Dozier,PJ",2019,0.05027945312551281
"Dozier,PJ",2020,0.0509004799456126
"Dragić,Goran",2018,0.18547442234952163
"Dragić,Goran",2019,0.15295305419632987
"Dragić,Goran",2020,0.1714715359237148
"Drew,Larry",2018,0.024606501327697497
"Drummond,Andre",2018,0.14134487351818226
"Drummond,Andre",2019,0.1589122184570526
"Drummond,Andre",2020,0.17773924714130832
"Dudley,Jared",2018,0.040018483054506046
"Dudley,Jared",2019,0.048096253579499856
"Dudley,Jared",2020,0.025274195673362015
"Dunn,Kris",2018,0.16044551982944297
"Dunn,Kris",2019,0.13168108664820027
"Dunn,Kris",2020,0.08032038265590768
"Durant,Kevin",2018,0.2820107050241898
"Durant,Kevin",2019,0.2741559002994726
"Duval,Trevon",2019,0.020971332921464036
"Eddie,Jarell",2018,0.009262972776828943
"Edwards,Carsen",2020,0.040619311438310594
"Edwards,Vince",2019,0.018817804524827012
"Ellenson,Henry",2018,0.0539167659927518
"Ellenson,Henry",2019,0.06500801690859463
"Ellenson,Henry",2020,0.01236080494075885
"Ellington,Wayne",2018,0.11707867762135801
"Ellington,Wayne",2019,0.10942547550202483
"Ellington,Wayne",2020,0.06226470994578691
"Embiid,Joel",2018,0.24395468676978563
"Embiid,Joel",2019,0.279555351335497
"Embiid,Joel",2020,0.23683675512780605
"Ennis,James",2018,0.06522208426632996
"Ennis,James",2019,0.059526175773604396
"Ennis,James",2020,0.05802259398416434
"Ennis,Tyler",2018,0.05201123732955856
"Eubanks,Drew",2019,0.0227499918136903
"Eubanks,Drew",2020,0.028980012556680923
"Evans,Jacob",2019,0.022065081796141205
"Evans,Jacob",2020,0.05985263145248416
"Evans,Jawun",2018,0.06708545442409025
"Evans,Jawun",2019,0.024589440524880633
"Evans,Jeremy",2018,0.005922795249297239
"Evans,Tyreke",2018,0.20842520738880385
"Evans,Tyreke",2019,0.12516491312321693
"Exum,Dante",2018,0.07549894991000772
"Exum,Dante",2019,0.07492413460165386
"Exum,Dante",2020,0.0485980111337496
"Fall,Tacko",2020,0.03476836692595241
"Faried,Kenneth",2018,0.05177991901954414
"Faried,Kenneth",2019,0.07774940393654638
"Favors,Derrick",2018,0.10672736151918576
"Favors,Derrick",2019,0.10399476688632166
"Favors,Derrick",2020,0.07278167214710386
"Felder,Kay",2018,0.05615993389433069
"Felton,Raymond",2018,0.07934285764920392
"Felton,Raymond",2019,0.048869659957141834
"Felício,Cristiano",2018,0.044800284737353674
"Felício,Cristiano",2019,0.03523229951083696
"Felício,Cristiano",2020,0.021827084337589647
"Ferguson,Terrance",2018,0.033597792097160115
"Ferguson,Terrance",2019,0.06259204078890107
"Ferguson,Terrance",2020,0.042487844843552496
"Fernando,Bruno",2020,0.03781744530472718
"Ferrell,Yogi",2018,0.10979338542542726
"Ferrell,Yogi",2019,0.0651157488482105
"Ferrell,Yogi",2020,0.052405361155340044
"Finney-Smith,Dorian",2018,0.0696766954835181
"Finney-Smith,Dorian",2019,0.07240369618580358
"Finney-Smith,Dorian",2020,0.08332314149306194
"Forbes,Bryn",2018,0.07558445621234405
"Forbes,Bryn",2019,0.11945720927129995
"Forbes,Bryn",2020,0.11613646713957508
"Fournier,Evan",2018,0.18373030022711714
"Fournier,Evan",2019,0.1623150280136968
"Fournier,Evan",2020,0.19216322398793395
"Fox,De'Aaron",2018,0.13856887585699518
"Fox,De'Aaron",2019,0.1900471513571846
"Fox,De'Aaron",2020,0.21755936637089854
"Frazier,Melvin",2019,0.021102763332162076
"Frazier,Melvin",2020,0.01769205307227863
"Frazier,Michael",2020,0.017705591677062805
"Frazier,Tim",2018,0.034747714032587064
"Frazier,Tim",2019,0.052691741151235226
"Frazier,Tim",2020,0.04509022418556109
"Fredette,Jimmer",2019,0.05610897661239037
"Frye,Channing",2018,0.05259424107448311
"Frye,Channing",2019,0.044157279799881544
"Fultz,Markelle",2018,0.08444965936116475
"Fultz,Markelle",2019,0.08720167222656364
"Fultz,Markelle",2020,0.13295754157288328
"Gabriel,Wenyen",2020,0.019874928021848155
"Gafford,Daniel",2020,0.04394433294175299
"Gallinari,Danilo",2018,0.17199296015270485
"Gallinari,Danilo",2019,0.19948962868702133
"Gallinari,Danilo",2020,0.198762853502167
"Galloway,Langston",2018,0.07286054618019532
"Galloway,Langston",2019,0.08746199386746242
"Galloway,Langston",2020,0.10328851469322854
"Garland,Darius",2020,0.1460506806026957
"Garrett,Billy",2019,0.07986855625478662
"Gasol,Marc",2018,0.20102557508370675
"Gasol,Marc",2019,0.14049120710180643
"Gasol,Marc",2020,0.0862401833694204
"Gasol,Pau",2018,0.10841436928421916
"Gasol,Pau",2019,0.049192993623155955
"Gay,Rudy",2018,0.12208597129590779
"Gay,Rudy",2019,0.1400524632968944
"Gay,Rudy",2020,0.10952710882070887
"George,Paul",2018,0.23833384780488032
"George,Paul",2019,0.29533095718428204
"George,Paul",2020,0.22711517814923152
"Georges-Hunt,Marcus",2018,0.0227849399703277
"Gibson,Jonathan",2018,0.07307274322019924
"Gibson,Taj",2018,0.10076678463810455
"Gibson,Taj",2019,0.08824055630717281
"Gibson,Taj",2020,0.046829894612651926
"Giles,Harry",2019,0.07085823710875781
"Giles,Harry",2020,0.06355073976080862
"Gilgeous-Alexander,Shai",2019,0.11512649772486441
"Gilgeous-Alexander,Shai",2020,0.20923467802332824
"Ginóbili,Manu",2018,0.09662935828353562
"Gobert,Rudy",2018,0.12279446655705233
"Gobert,Rudy",2019,0.1328471431677691
"Gobert,Rudy",2020,0.12965695196706586
"Goodwin,Brandon",2019,0.025829631958953526
"Goodwin,Brandon",2020,0.06826929120998942
"Gordon,Aaron",2018,0.19626057724026394
"Gordon,Aaron",2019,0.17111141853979642
"Gordon,Aaron",2020,0.1587099246964552
"Gordon,Eric",2018,0.18865818266419304
"Gordon,Eric",2019,0.17760372804363347
"Gordon,Eric",2020,0.16403601000316867
"Gortat,Marcin",2018,0.07948965640596234
"Gortat,Marcin",2019,0.04637483289278105
"Graham,Devonte'",2019,0.06340553648036572
"Graham,Devonte'",2020,0.2079046965356616
"Graham,Treveon",2018,0.03846491854295479
"Graham,Treveon",2019,0.05525394905583081
"Graham,Treveon",2020,0.04712484965530317
"Grant,Jerami",2018,0.07839261492217395
"Grant,Jerami",2019,0.13319618288053375
"Grant,Jerami",2020,0.11577483146257914
"Grant,Jerian",2018,0.09047914648139668
"Grant,Jerian",2019,0.045657535118889925
"Grantham,Donte",2019,0.008375604380903946
"Gray,Josh",2018,0.09747602768832073
"Gray,Josh",2020,0.017501809693818364
"Green,Danny",2018,0.09999032745481001
"Green,Danny",2019,0.09590343077785889
"Green,Danny",2020,0.084734715932411
"Green,Draymond",2018,0.1292758664975383
"Green,Draymond",2019,0.1038663604952573
"Green,Draymond",2020,0.10372940497997495
"Green,Gerald",2018,0.11252014807262649
"Green,Gerald",2019,0.0922583469188135
"Green,JaMychal",2018,0.09759275305569681
"Green,JaMychal",2019,0.08760726011492627
"Green,JaMychal",2020,0.06337584807269508
"Green,Javonte",2020,0.03856545182188235
"Green,Jeff",2018,0.10300941854442669
"Green,Jeff",2019,0.12236638094841751
"Green,Jeff",2020,0.08696971154589854
"Griffin,Blake",2018,0.23380086669632172
"Griffin,Blake",2019,0.25694417288945376
"Griffin,Blake",2020,0.18805388003375037
"Guduric,Marko",2020,0.050036609147537214
"Guy,Kyle",2020,0.008375604380903946
"Hachimura,Rui",2020,0.13267758297582127
"Hall,Devon",2020,0.02468220697448727
"Hall,Donta",2020,0.0044895724018885995
"Hamilton,Daniel",2018,0.04096710748378281
"Hamilton,Daniel",2019,0.037534527876863295
"Hannahs,Dusty",2019,0.06569807734401167
"Hannahs,Dusty",2020,0.05915663095817733
"Hardaway,Tim",2018,0.19140711306583033
"Hardaway,Tim",2019,0.19997826362118024
"Hardaway,Tim",2020,0.16397423148704995
"Harden,James",2018,0.321858638833179
"Harden,James",2019,0.3758670268402749
"Harden,James",2020,0.3570698291284146
"Harkless,Maurice",2018,0.06430078374442326
"Harkless,Maurice",2019,0.07356841755443386
"Harkless,Maurice",2020,0.05590201764545925
"Harper,Jared",2020,0.008375604380903946
"Harrell,Montrezl",2018,0.09324105883109032
"Harrell,Montrezl",2019,0.14462028663644008
"Harrell,Montrezl",2020,0.1697222979097767
"Harris,Devin",2018,0.08731612904607547
"Harris,Devin",2019,0.06790779408960322
"Harris,Gary",2018,0.17790259353327473
"Harris,Gary",2019,0.1400236310033949
"Harris,Gary",2020,0.11402446742506779
"Harris,Joe",2018,0.10357655426030586
"Harris,Joe",2019,0.12846354321238848
"Harris,Joe",2020,0.13834246999123145
"Harris,Tobias",2018,0.19585140804885712
"Harris,Tobias",2019,0.20388953954014932
"Harris,Tobias",2020,0.20567857710065685
"Harrison,Aaron",2018,0.08266172198295424
"Harrison,Andrew",2018,0.10360144696282622
"Harrison,Andrew",2019,0.03816800966903511
"Harrison,Shaquille",2018,0.08095251925633298
"Harrison,Shaquille",2019,0.0765216126870435
"Harrison,Shaquille",2020,0.06234102211145254
"Hart,Josh",2018,0.08118794984129656
"Hart,Josh",2019,0.08763059861256635
"Hart,Josh",2020,0.10753422249225351
"Hartenstein,Isaiah",2019,0.016989762218011056
"Hartenstein,Isaiah",2020,0.04100216812465815
"Haslem,Udonis",2018,0.01792051786636916
"Haslem,Udonis",2019,0.05125731341388829
"Haslem,Udonis",2020,0.02729875095269181
"Hayes,Jaxson",2020,0.0588745717847289
"Hayes,Nigel",2018,0.04532324060439395
"Hayward,Gordon",2018,0.019042386940010668
"Hayward,Gordon",2019,0.12154239236162727
"Hayward,Gordon",2020,0.17717247445550313
"Hearn,Reggie",2018,0.008949725605714498
"Henry,Myke",2018,0.06305741340610098
"Henson,John",2018,0.08128869806027424
"Henson,John",2019,0.062145117355128475
"Henson,John",2020,0.05646045580652868
"Hernandez,Dewan",2020,0.021385787229350115
"Hernangómez,Juan",2018,0.038543076605533584
"Hernangómez,Juan",2019,0.060132048573255555
"Hernangómez,Juan",2020,0.06957717266111697
"Hernangómez,Willy",2018,0.04789190033978026
"Hernangómez,Willy",2019,0.06238401625163918
"Hernangómez,Willy",2020,0.06023512696211435
"Herro,Tyler",2020,0.1471385728469283
"Hervey,Kevin",2020,0.02407197602707393
"Hezonja,Mario",2018,0.10643994015110286
"Hezonja,Mario",2019,0.10307730320189872
"Hezonja,Mario",2020,0.05101674665769467
"Hicks,Isaiah",2018,0.04466580905068163
"Hicks,Isaiah",2019,0.03579049112567707
"Hield,Buddy",2018,0.14439792119145795
"Hield,Buddy",2019,0.20736245957138222
"Hield,Buddy",2020,0.21116850540927704
"Highsmith,Haywood",2019,0.030362582502312715
"Hill,George",2018,0.09895764861973805
"Hill,George",2019,0.08153130676592243
"Hill,George",2020,0.08526445688306304
"Hill,Solomon",2018,0.036564514151580296
"Hill,Solomon",2019,0.047530217440053125
"Hill,Solomon",2020,0.058861410699106165
"Hilliard,Darrun",2018,0.02037212684876796
"Hilário,Nenê",2018,0.0516598687169708
"Hilário,Nenê",2019,0.029759826272743362
"Hoard,Jaylen",2020,0.027709377521977493
"Holiday,Aaron",2019,0.06584390877386978
"Holiday,Aaron",2020,0.10533209924036395
"Holiday,Jrue",2018,0.20565184414784204
"Holiday,Jrue",2019,0.23005596694310218
"Holiday,Jrue",2020,0.2151099060155435
"Holiday,Justin",2018,0.14267188879583065
"Holiday,Justin",2019,0.11960671238343873
"Holiday,Justin",2020,0.08683285672284322
"Holland,John",2018,0.040909482314547434
"Hollis-Jefferson,Rondae",2018,0.14661346474452291
"Hollis-Jefferson,Rondae",2019,0.1067939928867119
"Hollis-Jefferson,Rondae",2020,0.06641908698794399
"Holmes,Richaun",2018,0.05788980897528602
"Holmes,Richaun",2019,0.06890798538590961
"Holmes,Richaun",2020,0.09716640414591607
"Hood,Rodney",2018,0.14037876400157348
"Hood,Rodney",2019,0.11193825178856966
"Hood,Rodney",2020,0.1086432280594053
"Hopson,Scotty",2018,0.02260993451130721
"Horford,Al",2018,0.14128965820690823
"Horford,Al",2019,0.13736553636708346
"Horford,Al",2020,0.1301551132238864
"Horton-Tucker,Talen",2020,0.008375604380903946
"House,Danuel",2018,0.07529924258527014
"House,Danuel",2019,0.08508251400342746
"House,Danuel",2020,0.10452759147587867
"Howard,Dwight",2018,0.16397232421803476
"Howard,Dwight",2019,0.10161825394715354
"Howard,Dwight",2020,0.05345611467039118
"Howard,William",2020,0.03555851482840164
"Huerter,Kevin",2019,0.1039403443626384
"Huerter,Kevin",2020,0.13374248456764457
"Huestis,Josh",2018,0.0301194745790673
"Humphries,Isaac",2019,0.03359676420413437
"Hunter,De'Andre",2020,0.1335803863283218
"Hunter,R.J.",2018,0.07681790126409806
"Hunter,R.J.",2019,0.15305560859082915
"Hunter,Vince",2018,0.017958668254849045
"Hutchison,Chandler",2019,0.05619799819040395
"Hutchison,Chandler",2020,0.09043364397030476
"Ibaka,Serge",2018,0.1284191274637048
"Ibaka,Serge",2019,0.13371675430591143
"Ibaka,Serge",2020,0.15635871039601817
"Iguodala,Andre",2018,0.06939529669364215
"Iguodala,Andre",2019,0.07022363145803423
"Iguodala,Andre",2020,0.048320055783754486
"Ingles,Joe",2018,0.12391274850725771
"Ingles,Joe",2019,0.12948623051070254
"Ingles,Joe",2020,0.10537720209590454
"Ingram,Andre",2018,0.12835209000677228
"Ingram,Andre",2019,0.01254465114678357
"Ingram,Brandon",2018,0.1753842024641824
"Ingram,Brandon",2019,0.19170047477174934
"Ingram,Brandon",2020,0.25304877940880405
"Irving,Kyrie",2018,0.24687455978799927
"Irving,Kyrie",2019,0.24451497129023403
"Irving,Kyrie",2020,0.27904199142319597
"Isaac,Jonathan",2018,0.0704203443995436
"Isaac,Jonathan",2019,0.10436359796436796
"Isaac,Jonathan",2020,0.1351300021429776
"Iwundu,Wesley",2018,0.04093184570580811
"Iwundu,Wesley",2019,0.052614515668941104
"Iwundu,Wesley",2020,0.05550017377665805
"Jack,Jarrett",2018,0.09001004131937561
"Jackson,Aaron",2018,0.027770622823694753
"Jackson,Demetrius",2018,0.020653977544495765
"Jackson,Demetrius",2019,0.034233382815427024
"Jackson,Frank",2019,0.09229404294463184
"Jackson,Frank",2020,0.06364858475706119
"Jackson,Jaren",2019,0.13360670602744246
"Jackson,Jaren",2020,0.16907485748978648
"Jackson,Josh",2018,0.1470091944501084
"Jackson,Josh",2019,0.13477236440260554
"Jackson,Josh",2020,0.11224488342629095
"Jackson,Justin",2018,0.07410990335178207
"Jackson,Justin",2019,0.07315174077089666
"Jackson,Justin",2020,0.06446255398418924
"Jackson,Reggie",2018,0.16286049986645273
"Jackson,Reggie",2019,0.16397252384741273
"Jackson,Reggie",2020,0.1396681706730615
"James,Justin",2020,0.04609275462354288
"James,LeBron",2018,0.2984235667457117
"James,LeBron",2019,0.2902089031187692
"James,LeBron",2020,0.2774939310346288
"James,Mike",2018,0.1170126633578051
"Jefferson,Al",2018,0.07344671136788287
"Jefferson,Amile",2019,0.017564307037932304
"Jefferson,Amile",2020,0.014358929062030318
"Jefferson,Richard",2018,0.020498280996663298
"Jeffries,DaQuan",2020,0.013643934575561095
"Jenkins,John",2019,0.05339433802911397
"Jennings,Brandon",2018,0.0647445684853932
"Jerebko,Jonas",2018,0.05382775245155255
"Jerebko,Jonas",2019,0.05468157450582524
"Jerome,Ty",2020,0.04766994118804461
"Johnson,Alize",2019,0.01584298203654733
"Johnson,Alize",2020,0.015365392957596032
"Johnson,Amir",2018,0.034347621562484006
"Johnson,Amir",2019,0.03218171203037029
"Johnson,B.J.",2019,0.04232365529034676
"Johnson,B.J.",2020,0.031065050577071946
"Johnson,Brice",2018,0.03213225633543415
"Johnson,Cameron",2020,0.08105552506094295
"Johnson,Dakari",2018,0.019707452990433128
"Johnson,James",2018,0.1122591023144215
"Johnson,James",2019,0.08817918653057051
"Johnson,James",2020,0.08768117926339661
"Johnson,Joe",2018,0.07607442779182498
"Johnson,Keldon",2020,0.05247148453046202
"Johnson,Omari",2018,0.05283461849611046
"Johnson,Stanley",2018,0.10111088786967602
"Johnson,Stanley",2019,0.08258681702024838
"Johnson,Stanley",2020,0.02525465914269984
"Johnson,Tyler",2018,0.12133780452828478
"Johnson,Tyler",2019,0.12043459848175546
"Johnson,Tyler",2020,0.06668055189421086
"Johnson,Wesley",2018,0.06868921860664957
"Johnson,Wesley",2019,0.0392622059355146
"Jokić,Nikola",2018,0.18415966275966067
"Jokić,Nikola",2019,0.20440038909892316
"Jokić,Nikola",2020,0.19887894597229394
"Jones,Damian",2018,0.016592189429254344
"Jones,Damian",2019,0.03630858726059692
"Jones,Damian",2020,0.039018946627451354
"Jones,Derrick",2018,0.03201985752801802
"Jones,Derrick",2019,0.06553198396682586
"Jones,Derrick",2020,0.08482367075950628
"Jones,Jalen",2018,0.057391550467984415
"Jones,Jalen",2019,0.05648870249115634
"Jones,Jemerrio",2019,0.05050980388858067
"Jones,Terrence",2019,0.02360719876677768
"Jones,Tyus",2018,0.05299178403811548
"Jones,Tyus",2019,0.07875118767574044
"Jones,Tyus",2020,0.08318862489515011
"Jordan,DeAndre",2018,0.09701767609838503
"Jordan,DeAndre",2019,0.09637157462111016
"Jordan,DeAndre",2020,0.06981271273281463
"Joseph,Cory",2018,0.08733671421575567
"Joseph,Cory",2019,0.0780606528666042
"Joseph,Cory",2020,0.06832968857858676
"Kabengele,Mfiondu",2020,0.03779653812201006
"Kaminsky,Frank",2018,0.11925585304315763
"Kaminsky,Frank",2019,0.08696783451461675
"Kaminsky,Frank",2020,0.11198497952101846
"Kanter,Enes",2018,0.11384782393857924
"Kanter,Enes",2019,0.1114721580902904
"Kanter,Enes",2020,0.06822264239531607
"Kennard,Luke",2018,0.0851170380744157
"Kennard,Luke",2019,0.10792888804758342
"Kennard,Luke",2020,0.16335742497988695
"Kidd,Stanton",2020,0.012933487653244818
"Kidd-Gilchrist,Michael",2018,0.09163837629810222
"Kidd-Gilchrist,Michael",2019,0.06037397586560898
"Kidd-Gilchrist,Michael",2020,0.03465905854406352
"Kilpatrick,Sean",2018,0.08329728140171191
"King,Louis",2020,0.028223844292163573
"Kleber,Maxi",2018,0.05406186534689309
"Kleber,Maxi",2019,0.06924354272016027
"Kleber,Maxi",2020,0.0882831108722812
"Knight,Brandon",2019,0.07995017260866001
"Knight,Brandon",2020,0.08741232303319751
"Knox,Kevin",2019,0.15018094557035203
"Knox,Kevin",2020,0.07634971833085001
"Konchar,John",2020,0.030833260261199206
"Korkmaz,Furkan",2018,0.021976488848212152
"Korkmaz,Furkan",2019,0.0653475330587542
"Korkmaz,Furkan",2020,0.10279801906779448
"Kornet,Luke",2018,0.07667333229518845
"Kornet,Luke",2019,0.08730910234182007
"Kornet,Luke",2020,0.06571433045964624
"Korver,Kyle",2018,0.09034002393599232
"Korver,Kyle",2019,0.0889545231730574
"Korver,Kyle",2020,0.06858470896330456
"Koufos,Kosta",2018,0.05617685470157562
"Koufos,Kosta",2019,0.037854507820967734
"Kurucs,Rodions",2019,0.08546483660859787
"Kurucs,Rodions",2020,0.04289472382066405
"Kuzma,Kyle",2018,0.17331671399780174
"Kuzma,Kyle",2019,0.19936282375727213
"Kuzma,Kyle",2020,0.13752693710708735
"Kuzminskas,Mindaugas",2018,0.01675120876180789
"LaVine,Zach",2018,0.19321071452627145
"LaVine,Zach",2019,0.25402595934909933
"LaVine,Zach",2020,0.2760665592566849
"Labissière,Skal",2018,0.08995659506253688
"Labissière,Skal",2019,0.03035806916663292
"Labissière,Skal",2020,0.04645927857538339
"Lamb,Jeremy",2018,0.13680343974187378
"Lamb,Jeremy",2019,0.1639455885623686
"Lamb,Jeremy",2020,0.13406333619734495
"Langford,Romeo",2020,0.03200150718149147
"Larkin,Shane",2018,0.05010368446989626
"Lauvergne,Joffrey",2018,0.04176317254061196
"Law,Vic",2020,0.006163796103350685
"Lawson,Ty",2018,0.06542146982574534
"Layman,Jake",2018,0.025578908583460725
"Layman,Jake",2019,0.06948065759983127
"Layman,Jake",2020,0.09341330402381054
"LeVert,Caris",2018,0.13373811879025016
"LeVert,Caris",2019,0.1584538238115142
"LeVert,Caris",2020,0.20118851206108532
"Leaf,T.J.",2018,0.03124155240112272
"Leaf,T.J.",2019,0.04198865347952456
"Leaf,T.J.",2020,0.03137872723534557
"Lecque,Jalen",2020,0.0356011041229086
"Lee,Courtney",2018,0.12771434212722618
"Lee,Courtney",2019,0.04598887667033387
"Lee,Courtney",2020,0.04494147215823073
"Lee,Damion",2018,0.1231144415633124
"Lee,Damion",2019,0.052502587202698896
"Lee,Damion",2020,0.1354943790560457
"Lemon,Walt",2018,0.039487487790216234
"Lemon,Walt",2019,0.16895811164489535
"Len,Alex",2018,0.07075729417275399
"Len,Alex",2019,0.1031990837954162
"Len,Alex",2020,0.07306970513273157
"Leonard,Kawhi",2018,0.179953207867831
"Leonard,Kawhi",2019,0.2790912047639954
"Leonard,Kawhi",2020,0.2848974299538628
"Leonard,Meyers",2018,0.034953217640418276
"Leonard,Meyers",2019,0.05419848334350828
"Leonard,Meyers",2020,0.05771699322678627
"Leuer,Jon",2018,0.05619089989048644
"Leuer,Jon",2019,0.037874870184201485
"Liggins,DeAndre",2018,0.023110245997939226
"Lillard,Damian",2018,0.279332239538418
"Lillard,Damian",2019,0.2749020108918709
"Lillard,Damian",2020,0.2972510589103066
"Lin,Jeremy",2018,0.18204878538638225
"Lin,Jeremy",2019,0.09760809320720917
"Little,Nassir",2020,0.036039927419069626
"Livingston,Shaun",2018,0.0589675369483457
"Livingston,Shaun",2019,0.03928824596081749
"Lofton,Zach",2019,0.014265359211911906
"Looney,Kevon",2018,0.03455175656511199
"Looney,Kevon",2019,0.04109575213013818
"Looney,Kevon",2020,0.035253999942334996
"Lopez,Brook",2018,0.13662302923583022
"Lopez,Brook",2019,0.1370574621809134
"Lopez,Brook",2020,0.12980168794289418
"Lopez,Robin",2018,0.11382715348399826
"Lopez,Robin",2019,0.08736889912042956
"Lopez,Robin",2020,0.05668779040260972
"Love,Kevin",2018,0.17571650666530106
"Love,Kevin",2019,0.18671510794349963
"Love,Kevin",2020,0.1935911672629875
"Lowry,Kyle",2018,0.1701147653005333
"Lowry,Kyle",2019,0.15799003871072134
"Lowry,Kyle",2020,0.20992773620735464
"Loyd,Jordan",2019,0.029387572459708588
"Lucas,Kalin",2019,0.023651425723918446
"Luwawu-Cabarrot,Timothé",2018,0.06596133898393551
"Luwawu-Cabarrot,Timothé",2019,0.060588513619849654
"Luwawu-Cabarrot,Timothé",2020,0.06386844411730917
"Lydon,Tyler",2019,0.015439946613272429
"Lyles,Trey",2018,0.10366462089189042
"Lyles,Trey",2019,0.10136957654018951
"Lyles,Trey",2020,0.06595649007931965
"Machado,Scott",2019,0.04448798710328338
"Mack,Shelvin",2018,0.08178801893507973
"Mack,Shelvin",2019,0.08696730499525826
"Macon,Daryl",2019,0.0468174394576948
"Macon,Daryl",2020,0.020274697941888797
"Macura,J.P.",2019,0.047767046681388696
"Magette,Josh",2018,0.03583073420979317
"Magette,Josh",2020,0.02467531398336625
"Mahinmi,Ian",2018,0.0347753819328349
"Mahinmi,Ian",2019,0.033903579432599674
"Mahinmi,Ian",2020,0.06735928035035085
"Maker,Thon",2018,0.04887829708059333
"Maker,Thon",2019,0.05877195752483332
"Maker,Thon",2020,0.050367938067838736
"Mann,Terance",2020,0.032317200013810214
"Marjanović,Boban",2018,0.057655455568967943
"Marjanović,Boban",2019,0.0627939367421499
"Marjanović,Boban",2020,0.06034476100523469
"Markkanen,Lauri",2018,0.16632936027289535
"Markkanen,Lauri",2019,0.20302568495058185
"Markkanen,Lauri",2020,0.15726786037578905
"Martin,Caleb",2020,0.06032676374687643
"Martin,Cody",2020,0.055566433425863225
"Martin,Jarell",2018,0.07758226791957051
"Martin,Jarell",2019,0.032175471021506453
"Martin,Jeremiah",2020,0.0191975672390876
"Martin,Kelan",2020,0.07090165264750617
"Mason,Frank",2018,0.0933353978951088
"Mason,Frank",2019,0.06260877113880815
"Mason,Frank",2020,0.043329153758814784
"Maten,Yante",2019,0.01768750883350957
"Mathews,Garrison",2020,0.05068413524769151
"Mathiang,Mangok",2018,0.017018095820763253
"Matthews,Wesley",2018,0.1387109388618358
"Matthews,Wesley",2019,0.1280360839260739
"Matthews,Wesley",2020,0.08145463504365799
"Mbah a Moute,Luc",2018,0.07590455273862837
"Mbah a Moute,Luc",2019,0.048034039300078366
"McAdoo,James Michael",2018,0.03499488091727232
"McCall,Tahjere",2019,0.029003122359560235
"McCaw,Patrick",2018,0.05011562402836365
"McCaw,Patrick",2019,0.027016817193630794
"McCaw,Patrick",2020,0.05275653561329531
"McCollum,CJ",2018,0.23393676578715894
"McCollum,CJ",2019,0.22813225839288334
"McCollum,CJ",2020,0.24096831669032578
"McConnell,T.J.",2018,0.06582207674458282
"McConnell,T.J.",2019,0.06402717426482411
"McConnell,T.J.",2020,0.07021421274412125
"McCree,Erik",2018,0.012207850192332923
"McCullough,Chris",2018,0.028555487292465084
"McDaniels,Jalen",2020,0.05063384622396474
"McDermott,Doug",2018,0.07914385013969764
"McDermott,Doug",2019,0.06945073293957442
"McDermott,Doug",2020,0.09786194665751874
"McGee,JaVale",2018,0.04591165294362455
"McGee,JaVale",2019,0.1050491744619498
"McGee,JaVale",2020,0.056499604814217654
"McGruder,Rodney",2018,0.04120011342885355
"McGruder,Rodney",2019,0.0842459497866416
"McGruder,Rodney",2020,0.036637563465318844
"McKinney-Jones,Trey",2018,0.0
"McKinnie,Alfonzo",2018,0.0270705442531107
"McKinnie,Alfonzo",2019,0.037603713092620304
"McKinnie,Alfonzo",2020,0.05001587103505197
"McLaughlin,Jordan",2020,0.07898458744606313
"McLemore,Ben",2018,0.07716764608347518
"McLemore,Ben",2019,0.045854009320822904
"McLemore,Ben",2020,0.09490996047971942
"McRae,Jordan",2019,0.07274384479582306
"McRae,Jordan",2020,0.13516550453832984
"McRoberts,Josh",2018,0.004696263941067808
"Meeks,Jodie",2018,0.07084127869099484
"Meeks,Jodie",2019,0.0431834527471324
"Mejri,Salah",2018,0.030841423425331225
"Mejri,Salah",2019,0.043919560612797684
"Melli,Nicolò",2020,0.06788140841738462
"Melton,De'Anthony",2019,0.06600496443865422
"Melton,De'Anthony",2020,0.09004154887049384
"Metu,Chimezie",2019,0.03335495646071836
"Metu,Chimezie",2020,0.028120572955011285
"Mickey,Jordan",2018,0.044413989943537506
"Middleton,Khris",2018,0.209986134456669
"Middleton,Khris",2019,0.1961342512027176
"Middleton,Khris",2020,0.21121722330848944
"Mika,Eric",2020,0.020230960174416914
"Miles,C.J.",2018,0.10544641229817169
"Miles,C.J.",2019,0.07526130012321618
"Miles,C.J.",2020,0.0739157092637243
"Miller,Darius",2018,0.07315402338931148
"Miller,Darius",2019,0.0865480146191656
"Miller,Malcolm",2018,0.027100441566291465
"Miller,Malcolm",2019,0.02831710042071964
"Miller,Malcolm",2020,0.019008458185789334
"Mills,Patty",2018,0.109471723892694
"Mills,Patty",2019,0.10179959003033075
"Mills,Patty",2020,0.11792607339638721
"Millsap,Paul",2018,0.15410151787388243
"Millsap,Paul",2019,0.12541079510807368
"Millsap,Paul",2020,0.11028161440913938
"Milton,Shake",2019,0.05190469884161287
"Milton,Shake",2020,0.09720344591712839
"Mirotić,Nikola",2018,0.16481833459509831
"Mirotić,Nikola",2019,0.1438618931859727
"Mitchell,Donovan",2018,0.23053284983860017
"Mitchell,Donovan",2019,0.26225976406970664
"Mitchell,Donovan",2020,0.25790215041103803
"Mitrou-Long,Naz",2018,0.01847357243623955
"Mitrou-Long,Naz",2019,0.023525673835694975
"Mitrou-Long,Naz",2020,0.06597994022946622
"Mokoka,Adam",2020,0.02274314479831389
"Monk,Malik",2018,0.08996426498240527
"Monk,Malik",2019,0.10251454463507376
"Monk,Malik",2020,0.11481076414432172
"Monroe,Greg",2018,0.0893643162388846
"Monroe,Greg",2019,0.0497917090863623
"Montero,Luis",2018,0.01073280178548983
"Mooney,Matt",2020,0.011269833200574035
"Moore,E'Twaun",2018,0.11998402025298972
"Moore,E'Twaun",2019,0.11807396480679387
"Moore,E'Twaun",2020,0.0926061934872981
"Morant,Ja",2020,0.1888279006515698
"Moreland,Eric",2018,0.024100740583171375
"Moreland,Eric",2019,0.009032977481728387
"Morgan,Juwan",2020,0.01753748734045908
"Morris,Jaylen",2018,0.06335680766794584
"Morris,Jaylen",2019,0.03801691882934797
"Morris,Marcus",2018,0.14504568237380402
"Morris,Marcus",2019,0.14145981733521354
"Morris,Marcus",2020,0.17917670461687937
"Morris,Markieff",2018,0.11536021607154968
"Morris,Markieff",2019,0.09091651220807338
"Morris,Markieff",2020,0.10440059950592334
"Morris,Monte",2018,0.0451956339295826
"Morris,Monte",2019,0.09861579187626572
"Morris,Monte",2020,0.09137692370858524
"Motiejūnas,Donatas",2019,0.014607237206577604
"Motley,Johnathan",2018,0.08250098691904648
"Motley,Johnathan",2019,0.04600231359621632
"Motley,Johnathan",2020,0.0292494373269655
"Mozgov,Timofey",2018,0.041182357683593296
"Mudiay,Emmanuel",2018,0.10701742218824824
"Mudiay,Emmanuel",2019,0.16542471083858895
"Mudiay,Emmanuel",2020,0.08054902825257512
"Muhammad,Shabazz",2018,0.05377291152659529
"Mulder,Mychal",2020,0.11299037649523118
"Munford,Xavier",2018,0.025086982438043158
"Murray,Dejounte",2018,0.09285956740482744
"Murray,Dejounte",2020,0.11441142787341083
"Murray,Jamal",2018,0.1729572889287202
"Murray,Jamal",2019,0.20316372213711856
"Murray,Jamal",2020,0.20152487223083282
"Musa,Džanan",2019,0.02626773364179422
"Musa,Džanan",2020,0.05444647911739451
"Muscala,Mike",2018,0.0756988862209558
"Muscala,Mike",2019,0.07288785210700832
"Muscala,Mike",2020,0.05220559210189786
"Mykhailiuk,Sviatoslav",2019,0.041200871845197204
"Mykhailiuk,Sviatoslav",2020,0.09581500422356061
"Nader,Abdel",2018,0.043297304088341815
"Nader,Abdel",2019,0.04686453268437829
"Nader,Abdel",2020,0.06420896576739799
"Nance,Larry",2018,0.062711573245069
"Nance,Larry",2019,0.08469505955973883
"Nance,Larry",2020,0.09432829017550388
"Napier,Shabazz",2018,0.09788056612272611
"Napier,Shabazz",2019,0.10817486599999077
"Napier,Shabazz",2020,0.11445449719579169
"Nelson,Jameer",2018,0.05888722276188362
"Neto,Raul",2018,0.05031755928096387
"Neto,Raul",2019,0.05525174286078682
"Neto,Raul",2020,0.04897665864993867
"Niang,Georges",2018,0.019660251766356062
"Niang,Georges",2019,0.04523631533315117
"Niang,Georges",2020,0.061858864947332434
"Noah,Joakim",2018,0.0146977893238521
"Noah,Joakim",2019,0.0691860844006254
"Noel,Nerlens",2018,0.04340439906355428
"Noel,Nerlens",2019,0.04090840361425562
"Noel,Nerlens",2020,0.0646999541726962
"Nogueira,Lucas",2018,0.034149688585759966
"Norvell,Zach",2020,0.037530997060806766
"Nowell,Jaylen",2020,0.045243386888296995
"Nowitzki,Dirk",2018,0.1300199644914209
"Nowitzki,Dirk",2019,0.09127284985890208
"Ntilikina,Frank",2018,0.07323540183372623
"Ntilikina,Frank",2019,0.07317630264669767
"Ntilikina,Frank",2020,0.07030318894703677
"Nunn,Kendrick",2020,0.1673217737993828
"Nunnally,James",2019,0.03493603710542736
"Nurkić,Jusuf",2018,0.14791317811769228
"Nurkić,Jusuf",2019,0.14932413111532977
"Nwaba,David",2018,0.07835373529296352
"Nwaba,David",2019,0.06520741345483091
"Nwaba,David",2020,0.04909005198760576
"O'Bryant,Johnny",2018,0.0514290554771998
"O'Neale,Royce",2018,0.06129807387200351
"O'Neale,Royce",2019,0.05897142019293599
"O'Neale,Royce",2020,0.06592587658730885
"O'Quinn,Kyle",2018,0.06622699260745533
"O'Quinn,Kyle",2019,0.03949597044287524
"O'Quinn,Kyle",2020,0.03658065431758946
"Ojeleye,Semi",2018,0.03224490630469489
"Ojeleye,Semi",2019,0.039092148706531944
"Ojeleye,Semi",2020,0.03536019084522793
"Okafor,Emeka",2018,0.038126553552095904
"Okafor,Jahlil",2018,0.05869257340705306
"Okafor,Jahlil",2019,0.08239196271463652
"Okafor,Jahlil",2020,0.06512050125531814
"Okobo,Elie",2019,0.06672804616814915
"Okobo,Elie",2020,0.0498375865302981
"Okogie,Josh",2019,0.08861681691134116
"Okogie,Josh",2020,0.08492596954108615
"Okpala,KZ",2020,0.03742423000775953
"Oladipo,Victor",2018,0.25123279356296846
"Oladipo,Victor",2019,0.21537803816134832
"Oladipo,Victor",2020,0.16125205610813673
"Olynyk,Kelly",2018,0.11262758956415489
"Olynyk,Kelly",2019,0.09916886956933461
"Olynyk,Kelly",2020,0.07519230020819317
"Oni,Miye",2020,0.0027732454622959504
"Onuaku,Chinanu",2018,0.0206677568009076
"Osman,Cedi",2018,0.044622169618096154
"Osman,Cedi",2019,0.14132607899225888
"Osman,Cedi",2020,0.11643289209708406
"Oubre,Kelly",2018,0.1242131077639389
"Oubre,Kelly",2019,0.15947691064109626
"Oubre,Kelly",2020,0.1918585962273409
"Owens,Tariq",2020,0.014906839672894114
"Pachulia,Zaza",2018,0.04423198890703252
"Pachulia,Zaza",2019,0.032216979137086446
"Paige,Marcus",2018,0.03389006887780538
"Papagiannis,Georgios",2018,0.027226415724575213
"Pargo,Jeremy",2020,0.08046081581029914
"Parker,Jabari",2018,0.1253713175021315
"Parker,Jabari",2019,0.15438222922013098
"Parker,Jabari",2020,0.14432233918189916
"Parker,Tony",2018,0.08840616234829281
"Parker,Tony",2019,0.1066347781472252
"Parsons,Chandler",2018,0.08220757581611313
"Parsons,Chandler",2019,0.0905134560013445
"Parsons,Chandler",2020,0.0518711566795626
"Paschall,Eric",2020,0.13673949178698533
"Pasečņiks,Anžejs",2020,0.05391787852821413
"Patterson,Patrick",2018,0.04231457662181791
"Patterson,Patrick",2019,0.04276660258142452
"Patterson,Patrick",2020,0.04622864527117553
"Patton,Justin",2018,0.017457161825838362
"Patton,Justin",2019,0.018635262924636666
"Patton,Justin",2020,0.019208114671702158
"Paul,Brandon",2018,0.03727041455053269
"Paul,Chris",2018,0.19957701789066473
"Paul,Chris",2019,0.17475231487074044
"Paul,Chris",2020,0.18390700556928888
"Payne,Adreian",2018,0.05019430286768541
"Payne,Cameron",2018,0.10165678006717188
"Payne,Cameron",2019,0.07050588731267833
"Payton,Elfrid",2018,0.13608246370345423
"Payton,Elfrid",2019,0.12423521969941125
"Payton,Elfrid",2020,0.11706305173970137
"Payton,Gary",2018,0.03564203539260409
"Payton,Gary",2019,0.03336094337181939
"Payton,Gary",2020,0.045056353173486656
"Pelle,Norvel",2020,0.028331623061190078
"Perkins,Kendrick",2018,0.034775641081092136
"Perrantes,London",2018,0.01638267644466212
"Peters,Alec",2018,0.04639853648064186
"Pinson,Theo",2019,0.060398801690586326
"Pinson,Theo",2020,0.0587739096785995
"Plumlee,Marshall",2018,0.021566669116972498
"Plumlee,Mason",2018,0.06379858399917815
"Plumlee,Mason",2019,0.060987599159868684
"Plumlee,Mason",2020,0.060484195271830694
"Plumlee,Miles",2018,0.03986723889360078
"Plumlee,Miles",2019,0.04665445429879526
"Poirier,Vincent",2020,0.016862714581469675
"Pondexter,Quincy",2018,0.030161876277286337
"Pondexter,Quincy",2019,0.02406319361619884
"Ponds,Shamorie",2020,0.015987482412525022
"Poole,Jordan",2020,0.11095543513765106
"Porter,Kevin",2020,0.10858430480149839
"Porter,Michael",2020,0.07124376595472653
"Porter,Otto",2018,0.1429236431384999
"Porter,Otto",2019,0.14593358976761842
"Porter,Otto",2020,0.12066298996436295
"Portis,Bobby",2018,0.13106007719604873
"Portis,Bobby",2019,0.1444549954250036
"Portis,Bobby",2020,0.10632005053831355
"Porziņģis,Kristaps",2018,0.25284278689680395
"Porziņģis,Kristaps",2020,0.2146716289007956
"Powell,Dwight",2018,0.06774217741393673
"Powell,Dwight",2019,0.08444751339712929
"Powell,Dwight",2020,0.07271049966612057
"Powell,Norman",2018,0.06542349099367904
"Powell,Norman",2019,0.08397850457311476
"Powell,Norman",2020,0.16111828733769482
"Poythress,Alex",2018,0.011673040984616976
"Poythress,Alex",2019,0.04838029732574375
"Pullen,Jacob",2018,0.009044507518561224
"Purvis,Rodney",2018,0.07650472312920092
"Pöltl,Jakob",2018,0.05074399008292891
"Pöltl,Jakob",2019,0.03968647711519305
"Pöltl,Jakob",2020,0.04666607562911854
"Qi,Zhou",2018,0.026684369954279096
"Qi,Zhou",2019,0.013318752233934581
"Quarterman,Tim",2018,0.03470157085136888
"Rabb,Ivan",2018,0.05650414014526976
"Rabb,Ivan",2019,0.05163004247250711
"Randle,Chasson",2019,0.055611653022614095
"Randle,Chasson",2020,0.021096179583744896
"Randle,Julius",2018,0.1499579560282034
"Randle,Julius",2019,0.20640188960305708
"Randle,Julius",2020,0.20544993154325317
"Randolph,Zach",2018,0.15388228087297337
"Rathan-Mayes,Xavier",2018,0.09182774412484476
"Reaves,Josh",2020,0.008375604380903946
"Reddish,Cam",2020,0.12152731735510332
"Redick,J.J.",2018,0.17414566426100403
"Redick,J.J.",2019,0.17779821334465062
"Redick,J.J.",2020,0.1506766610065043
"Reed,Davon",2018,0.0459794467032623
"Reed,Davon",2019,0.019463489483800837
"Reed,Willie",2018,0.04259332845304304
"Reid,Naz",2020,0.09835348117367207
"Reynolds,Cameron",2019,0.04964074609956842
"Richardson,Josh",2018,0.13563275599839472
"Richardson,Josh",2019,0.17870717641174044
"Richardson,Josh",2020,0.155369447781899
"Richardson,Malachi",2018,0.042786374800678574
"Richardson,Malachi",2019,0.02502192694983058
"Rivers,Austin",2018,0.16442513530838612
"Rivers,Austin",2019,0.085048220075526
"Rivers,Austin",2020,0.08928775464291729
"Roberson,Andre",2018,0.041385525149018644
"Robinson,Devin",2018,0.01213063289241439
"Robinson,Devin",2019,0.059761477734604905
"Robinson,Duncan",2019,0.04895989778869376
"Robinson,Duncan",2020,0.1261018424135638
"Robinson,Glenn",2018,0.0416006973085004
"Robinson,Glenn",2019,0.051531502098522884
"Robinson,Glenn",2020,0.11458389972079025
"Robinson,Jerome",2019,0.04041564483442288
"Robinson,Jerome",2020,0.05286410834386854
"Robinson,Justin",2020,0.028393290091294134
"Robinson,Mitchell",2019,0.0524039814161808
"Robinson,Mitchell",2020,0.06510817300171769
"Roby,Isaiah",2020,0.005436664746061026
"Rondo,Rajon",2018,0.10123749108754722
"Rondo,Rajon",2019,0.11609024739504233
"Rondo,Rajon",2020,0.08607015257821765
"Rose,Derrick",2018,0.10305250428716899
"Rose,Derrick",2019,0.18899486882991032
"Rose,Derrick",2020,0.19634706605058963
"Ross,Terrence",2018,0.10058094463344763
"Ross,Terrence",2019,0.16343518835756787
"Ross,Terrence",2020,0.1638630460851418
"Rozier,Terry",2018,0.13771244598812898
"Rozier,Terry",2019,0.10420074455272395
"Rozier,Terry",2020,0.1964639973926028
"Rubio,Ricky",2018,0.1505330558777824
"Rubio,Ricky",2019,0.1476812440106912
"Rubio,Ricky",2020,0.147423268941176
"Russell,D'Angelo",2018,0.182066062313429
"Russell,D'Angelo",2019,0.2395102907877699
"Russell,D'Angelo",2020,0.2567628293143022
"Sabonis,Domantas",2018,0.10899493517649002
"Sabonis,Domantas",2019,0.1220738701562868
"Sabonis,Domantas",2020,0.17713462837598978
"Sampson,Brandon",2019,0.05702925845262523
"Sampson,JaKarr",2018,0.04582110384558934
"Sampson,JaKarr",2019,0.19342537371805815
"Sampson,JaKarr",2020,0.04124027879535586
"Satoranský,Tomáš",2018,0.0624737258316987
"Satoranský,Tomáš",2019,0.08474063241852071
"Satoranský,Tomáš",2020,0.10469949816058367
"Schofield,Admiral",2020,0.03982454019079306
"Schröder,Dennis",2018,0.21725173407353446
"Schröder,Dennis",2019,0.17463913177226886
"Schröder,Dennis",2020,0.20342350685654625
"Scott,Mike",2018,0.08335712014898218
"Scott,Mike",2019,0.06063706516836266
"Scott,Mike",2020,0.05691644156109939
"Sefolosha,Thabo",2018,0.08242351105747295
"Sefolosha,Thabo",2019,0.04083898029870493
"Sefolosha,Thabo",2020,0.02950705111864351
"Selden,Wayne",2018,0.09777860365491135
"Selden,Wayne",2019,0.07801757007524981
"Sessions,Ramon",2018,0.06517450907731889
"Sexton,Collin",2019,0.18419406832863103
"Sexton,Collin",2020,0.21513312884652788
"Shamet,Landry",2019,0.08786977094709818
"Shamet,Landry",2020,0.09432302406726811
"Shayok,Marial",2020,0.0417697807930853
"Shumpert,Iman",2018,0.05299554644710591
"Shumpert,Iman",2019,0.08154632855889057
"Shumpert,Iman",2020,0.05227776713540814
"Siakam,Pascal",2018,0.07099077089298206
"Siakam,Pascal",2019,0.16776424597589992
"Siakam,Pascal",2020,0.2551156718857293
"Sibert,Jordan",2019,0.01847357243623955
"Silas,Xavier",2018,0.009192184363472033
"Silva,Chris",2020,0.024966674036243086
"Simmons,Ben",2018,0.16918788574212404
"Simmons,Ben",2019,0.16408693526351498
"Simmons,Ben",2020,0.16145749987646557
"Simmons,Jonathon",2018,0.1439044320841987
"Simmons,Jonathon",2019,0.07646831478702149
"Simmons,Kobi",2018,0.06947542078707919
"Simmons,Kobi",2019,0.0
"Simons,Anfernee",2019,0.038283112469596016
"Simons,Anfernee",2020,0.09592142020997398
"Singler,Kyle",2018,0.029875782338558907
"Smailagić,Alen",2020,0.03943843425209585
"Smart,Marcus",2018,0.12293014414317995
"Smart,Marcus",2019,0.09072838383403165
"Smart,Marcus",2020,0.15102949059575602
"Smith,Dennis",2018,0.18427520926244173
"Smith,Dennis",2019,0.1575775277480509
"Smith,Dennis",2020,0.07296369912765854
"Smith,Ish",2018,0.11908033317216199
"Smith,Ish",2019,0.10322162063010883
"Smith,Ish",2020,0.11837530282227843
"Smith,J.R.",2018,0.09247341495853177
"Smith,J.R.",2019,0.08773255544486973
"Smith,Jason",2018,0.040623480031498106
"Smith,Jason",2019,0.0328829231761263
"Smith,Josh",2018,0.00420065196346869
"Smith,Zhaire",2019,0.06142026614055068
"Smith,Zhaire",2020,0.023831055494848923
"Snell,Tony",2018,0.06934631309439451
"Snell,Tony",2019,0.0590833651305093
"Snell,Tony",2020,0.08232054942348062
"Spalding,Ray",2019,0.03838640376324481
"Speights,Marreese",2018,0.08614659243397872
"Spellman,Omari",2019,0.059039903875585824
"Spellman,Omari",2020,0.07788664935653557
"Stauskas,Nik",2018,0.060069997282359226
"Stauskas,Nik",2019,0.06680249024464657
"Stephens,D.J.",2019,0.027584111445846486
"Stephenson,Lance",2018,0.10642038357554144
"Stephenson,Lance",2019,0.08346972684082217
"Stockton,David",2018,0.023949993802476054
"Stone,Julyan",2018,0.01741460301305311
"Strus,Max",2020,0.029719854458970664
"Sumner,Edmond",2019,0.03866924294850366
"Sumner,Edmond",2020,0.050856146982530576
"Swanigan,Caleb",2018,0.030198798809131514
"Swanigan,Caleb",2019,0.025182909161345024
"Swanigan,Caleb",2020,0.018603470793237993
"Tatum,Jayson",2018,0.1555201719601682
"Tatum,Jayson",2019,0.17166188611651859
"Tatum,Jayson",2020,0.25668559770557425
"Taylor,Isaiah",2018,0.07664045661148139
"Teague,Jeff",2018,0.15455185209702665
"Teague,Jeff",2019,0.13734338133431415
"Teague,Jeff",2020,0.11720620171662774
"Teague,Marquis",2018,0.05827725874323301
"Teletović,Mirza",2018,0.06965814082264805
"Temple,Garrett",2018,0.09427757161559812
"Temple,Garrett",2019,0.07717907345719777
"Temple,Garrett",2020,0.1191096169652615
"Teodosić,Miloš",2018,0.10342215608551193
"Teodosić,Miloš",2019,0.036046366262896326
"Terrell,Jared",2019,0.03288790187168595
"Terry,Emanuel",2019,0.02626251359835718
"Terry,Jason",2018,0.040541125773471846
"Theis,Daniel",2018,0.04561167078319685
"Theis,Daniel",2019,0.04424104753643016
"Theis,Daniel",2020,0.07480703718792328
"Thomas,Isaiah",2018,0.17774010319530284
"Thomas,Isaiah",2019,0.09969095079546808
"Thomas,Isaiah",2020,0.13439487480248138
"Thomas,Khyri",2019,0.0324169906214643
"Thomas,Khyri",2020,0.025509335699467537
"Thomas,Lance",2018,0.042596671166336995
"Thomas,Lance",2019,0.04725712898087051
"Thomas,Matt",2020,0.0479002442984712
"Thompson,Klay",2018,0.2054967478273483
"Thompson,Klay",2019,0.22413642747310758
"Thompson,Tristan",2018,0.04687619465548241
"Thompson,Tristan",2019,0.09158716654788965
"Thompson,Tristan",2020,0.10977389368616149
"Thornwell,Sindarius",2018,0.04313499493433899
"Thornwell,Sindarius",2019,0.018595288342042878
"Thybulle,Matisse",2020,0.04807029945605624
"Tolliver,Anthony",2018,0.0825964707977215
"Tolliver,Anthony",2019,0.06031002748263467
"Tolliver,Anthony",2020,0.040685802867005766
"Toscano-Anderson,Juan",2020,0.056479660219428844
"Towns,Karl-Anthony",2018,0.1938450639771256
"Towns,Karl-Anthony",2019,0.2335700060717708
"Towns,Karl-Anthony",2020,0.2522667087201672
"Trent,Gary",2019,0.04448626962810273
"Trent,Gary",2020,0.08230134983001924
"Trier,Allonzo",2019,0.11581676187382318
"Trier,Allonzo",2020,0.06349459097954045
"Tucker,P.J.",2018,0.06758659274136879
"Tucker,P.J.",2019,0.07486302952415765
"Tucker,P.J.",2020,0.06742705842908091
"Tucker,Rayjon",2020,0.022056827405859458
"Turner,Evan",2018,0.09172720393715836
"Turner,Evan",2019,0.07292436240709495
"Turner,Evan",2020,0.04514797938786543
"Turner,Myles",2018,0.13156148585062788
"Turner,Myles",2019,0.1461638614878843
"Turner,Myles",2020,0.13100430665940963
"Udoh,Ekpe",2018,0.026630434941922496
"Udoh,Ekpe",2019,0.023773791399786214
"Ulis,Tyler",2018,0.09645512477269841
"Uthoff,Jarrod",2020,0.03395789340722523
"Valančiūnas,Jonas",2018,0.11757226870492764
"Valančiūnas,Jonas",2019,0.14562909556521803
"Valančiūnas,Jonas",2020,0.132576786174691
"Valentine,Denzel",2018,0.11200845226248274
"Valentine,Denzel",2020,0.07826644791665183
"VanVleet,Fred",2018,0.09257324591117291
"VanVleet,Fred",2019,0.1117951986488273
"VanVleet,Fred",2020,0.19612284690127457
"Vanderbilt,Jarred",2019,0.019477354867968175
"Vanderbilt,Jarred",2020,0.013094935970464398
"Vaughn,Rashad",2018,0.03687249226724283
"Vincent,Gabe",2020,0.06654939716030635
"Vonleh,Noah",2018,0.051093600089095075
"Vonleh,Noah",2019,0.08479617070565289
"Vonleh,Noah",2020,0.033936306186171716
"Vučević,Nikola",2018,0.17972505849574705
"Vučević,Nikola",2019,0.20774793506808986
"Vučević,Nikola",2020,0.205549462895345
"Wade,Dean",2020,0.02049708537305701
"Wade,Dwyane",2018,0.13733919555334254
"Wade,Dwyane",2019,0.17154862234567003
"Wagner,Moritz",2019,0.05527669700895615
"Wagner,Moritz",2020,0.07743258037385418
"Waiters,Dion",2018,0.17081967920895597
"Waiters,Dion",2019,0.13576867369278148
"Waiters,Dion",2020,0.11059456021137463
"Walker,Kemba",2018,0.23941113353848892
"Walker,Kemba",2019,0.2799003707251557
"Walker,Kemba",2020,0.2300834404219073
"Walker,Lonnie",2019,0.03920759074157615
"Walker,Lonnie",2020,0.06174096962998013
"Wall,John",2018,0.24157661291471771
"Wall,John",2019,0.23949789377980904
"Wallace,Tyrone",2018,0.10579996726092968
"Wallace,Tyrone",2019,0.043628472299779494
"Wallace,Tyrone",2020,0.04392995428237915
"Waller-Prince,Taurean",2018,0.1598537344483273
"Waller-Prince,Taurean",2019,0.1417838999880501
"Waller-Prince,Taurean",2020,0.14459745817024608
"Walton,Derrick",2018,0.027214691547190615
"Walton,Derrick",2020,0.023333304335197886
"Wanamaker,Brad",2019,0.0425166401502268
"Wanamaker,Brad",2020,0.06868203009847135
"Warney,Jameel",2018,0.04587458020048307
"Warren,T.J.",2018,0.19508923387953545
"Warren,T.J.",2019,0.1803832918145708
"Warren,T.J.",2020,0.17734587699800855
"Washburn,Julian",2019,0.037283790161449115
"Washington,P.J.",2020,0.1317306986213229
"Watanabe,Yuta",2019,0.03818654322854665
"Watanabe,Yuta",2020,0.021769967875572473
"Waters,Tremont",2020,0.04974907256453272
"Watson,Paul",2020,0.017076382368068323
"Wear,Travis",2018,0.05119131926548049
"Weatherspoon,Quinndary",2020,0.013450774967280915
"Webb,James",2018,0.019104324663201902
"Weber,Briante",2018,0.03241271174426275
"Welsh,Thomas",2019,0.03255088890876003
"West,David",2018,0.06045048878344109
"Westbrook,Russell",2018,0.29226230374243356
"Westbrook,Russell",2019,0.2731759563689234
"Westbrook,Russell",2020,0.29655313426369545
"White,Andrew",2018,0.057169113372958616
"White,Coby",2020,0.1523651030461601
"White,Derrick",2018,0.047023260468964295
"White,Derrick",2019,0.11277824627036184
"White,Derrick",2020,0.10798219077998009
"White,Okaro",2018,0.036393088915799135
"White,Okaro",2019,0.005393216116255265
"Whitehead,Isaiah",2018,0.06950669177004709
"Whiteside,Hassan",2018,0.12989671318716034
"Whiteside,Hassan",2019,0.11424473650558806
"Whiteside,Hassan",2020,0.15062058152415617
"Wiggins,Andrew",2018,0.1958928247493542
"Wiggins,Andrew",2019,0.20729802269918637
"Wiggins,Andrew",2020,0.23610042563527406
"Wiley,Jacob",2018,0.021424104774746454
"Wilkins,Damien",2018,0.027795740240729318
"Williams,Alan",2018,0.04722661496986637
"Williams,Alan",2019,0.038085602706966495
"Williams,C.J.",2018,0.06543439127247117
"Williams,C.J.",2019,0.03031266810056951
"Williams,Derrick",2018,0.04022030216849641
"Williams,Grant",2020,0.032750346274746246
"Williams,Johnathan",2019,0.04629148777581896
"Williams,Johnathan",2020,0.03416726338149343
"Williams,Kenrich",2019,0.07041125145719981
"Williams,Kenrich",2020,0.0423690168283602
"Williams,Lou",2018,0.24292345594814427
"Williams,Lou",2019,0.22007648217119147
"Williams,Lou",2020,0.20958159962106768
"Williams,Marvin",2018,0.09644618077029302
"Williams,Marvin",2019,0.1078683187416127
"Williams,Marvin",2020,0.06361780896873542
"Williams,Matt",2018,0.021885468590626973
"Williams,Robert",2019,0.028818135990840384
"Williams,Robert",2020,0.039199139308891476
"Williams,Troy",2018,0.06054917759991566
"Williams,Troy",2019,0.053446105013150245
"Williams-Goss,Nigel",2020,0.011647636905218708
"Williamson,Zion",2020,0.21332850047950816
"Wilson,D.J.",2018,0.016115390525733644
"Wilson,D.J.",2019,0.06173651732952745
"Wilson,D.J.",2020,0.04062376715519812
"Wilson,Jamil",2018,0.07037770522955511
"Winslow,Justise",2018,0.08919433989140117
"Winslow,Justise",2019,0.14036025659186424
"Winslow,Justise",2020,0.13295254894513445
"Withey,Jeff",2018,0.02295594021481658
"Wolters,Nate",2018,0.012307999402289237
"Wood,Christian",2019,0.08602697916467968
"Wood,Christian",2020,0.12075693464697446
"Wright,Brandan",2018,0.04462592927808697
"Wright,Delon",2018,0.08725604768833282
"Wright,Delon",2019,0.09589062667186192
"Wright,Delon",2020,0.07778325412422302
"Yabusele,Guerschon",2018,0.02127470385706946
"Yabusele,Guerschon",2019,0.026422220747347677
"Young,James",2018,0.030130741226887994
"Young,Joe",2018,0.044739778706749264
"Young,Nick",2018,0.06872647415260723
"Young,Nick",2019,0.026903439132976128
"Young,Thaddeus",2018,0.1144788198281688
"Young,Thaddeus",2019,0.11712712297144887
"Young,Thaddeus",2020,0.10804121911812964
"Young,Trae",2019,0.21654569939418497
"Young,Trae",2020,0.31921695203911604
"Zeller,Cody",2018,0.05626230059270599
"Zeller,Cody",2019,0.08578332900918792
"Zeller,Cody",2020,0.09677846281448338
"Zeller,Tyler",2018,0.052788865643269435
"Zeller,Tyler",2019,0.05474160200381976
"Zipser,Paul",2018,0.05222934410747586
"Zubac,Ivica",2018,0.042188419410044475
"Zubac,Ivica",2019,0.07844559107914124
"Zubac,Ivica",2020,0.061606022694037414
"Čančar,Vlatko",2020,0.022859704965720064
"İlyasova,Ersan",2018,0.10386096392798154
"İlyasova,Ersan",2019,0.0621072899820972
"İlyasova,Ersan",2020,0.06622536270297527
"Šamanić,Luka",2020,0.03705189110731577
"Šarić,Dario",2018,0.14876073863090636
"Šarić,Dario",2019,0.1034059667423444
"Šarić,Dario",2020,0.09904319454840382
"Žižić,Ante",2018,0.032709024384826244
"Žižić,Ante",2019,0.06836009743943637
"Žižić,Ante",2020,0.04194273944985237
